所在城市,评论者性别,评论者昵称,猫眼等级,评分,评论日期,评论内容,城市
威海,"('',)",qicheng5530,4,0.5,2018-12-31 21:09:29,辣鸡啊，我从头就开始困，我能看得懂冯导的我不是潘金莲，却看不懂这烂片，我这个南开中文系的愧对学业啊,威海
乐清,"(1,)",球球,2,0.5,2018-12-31 21:09:27,看都看不懂。,乐清
义乌,"('',)",佰沐轩,2,0.5,2018-12-31 21:09:25,史上最垃圾的电影🎬,义乌
京山,"('',)",一抹皓辰,2,0.5,2018-12-31 21:09:24,非常非常非常不好看   浪费感情   最不好看的电影没有之一！,京山
赤峰,"(2,)",i.weiwei,2,1.5,2018-12-31 21:09:23,不知道看了什么,赤峰
兴城,"(1,)",ZmC626700747,3,5.0,2018-12-31 21:09:23,这部电影太完美了，我三年睡不着觉，自从看了这个，我再也不想醒来了.,兴城
北京,"('',)",Abz115109912,4,1.0,2018-12-31 21:09:22,《地球最后的夜晚》！！！好几年没看这么垃圾的电影了！上次被电影恶心到还是陈凯歌的《道士下山》！这部电影的恶心程度可能超过了之前看过所有烂片之和！,北京
上海,"('',)",BYB167500235,2,0.5,2018-12-31 21:09:21,电影很好看  剧情很好  说电影烂的  麻烦你们用心看好么  支持       说完了  去哪领盒饭😁,上海
中江县,"('',)",狒狒猫FQM,1,0.5,2018-12-31 21:09:21,其实一个小时了我都不知道在看什么，而且我还睡了半小时,中江县
荆州,"(2,)",缘君123,2,0.5,2018-12-31 21:09:20,一分都不想给，垃圾太垃圾了，完全是在侮辱广大影迷们的智商,荆州
即墨,"(2,)",阳光的味道963,2,0.5,2018-12-31 21:09:18,垃圾电影 耽误时间,即墨
泊头市,"('',)",暗里着迷bOsS,2,1.0,2018-12-31 21:09:18,电影还没看呢，看完评论，我刚停好的奥拓就又启动了！,泊头市
桂林,"('',)",Benjamin家明哥,3,0.5,2018-12-31 21:09:14,难看到看不懂，电影结束这是我后面那位女生起身时的评价。我TMD想说看的头晕恶心。什么还三D? 也没有烧脑，一步电影时间都花在慢腾腾的街景阴暗潮湿肮脏和一群神经病，那是梦景还是穿越？2000年就有电动车了还是小演员不会开摩托车？,桂林
诸暨,"(1,)",清晨旅客,2,0.5,2018-12-31 21:09:12,不好看，不推荐观看,诸暨
溧阳,"(2,)",周周zf,3,0.5,2018-12-31 21:09:12,难看，影响我睡觉,溧阳
重庆,"(2,)",乱人心717,1,0.5,2018-12-31 21:09:09,一点也不好看，看了20分钟就走了很多人，超烂的片，根本看不懂剧情是啥，太垃圾了，啰嗦，说是3D其实就是2D,重庆
郑州,"('',)",_qqxnt1437483810,3,0.5,2018-12-31 21:09:08,真心无聊，不知道怎么看下去,郑州
天津,"(2,)",佛系少女,2,0.5,2018-12-31 21:09:05,看过最烂的片,天津
吉林,"(1,)",Xupeng19940306,3,0.5,2018-12-31 21:09:02,真是烂片，2018年看的最烂的片。没有之一。,吉林
武汉,"('',)",夏洛DC,4,2.5,2018-12-31 21:09:01,大致看懂了，但是真的无聊，可能没get到更深刻的理解吧，或者说我不够文艺。,武汉
启东,"('',)",Gu知道,1,0.5,2018-12-31 21:08:57,不懂这部电影 实在是不懂,启东
烟台,"('',)",MmM304978205,2,0.5,2018-12-31 21:08:49,前70分钟演了什么？,烟台
深圳,"(2,)",bGd962544402,1,1.0,2018-12-31 21:08:47,有史以来第一次看这么烂的片子   花钱买罪受,深圳
武汉,"(1,)",郭咏鑫,3,0.5,2018-12-31 21:08:45,不好看啊烂片…,武汉
昆明,"('',)",查尔斯舒,3,0.5,2018-12-31 21:08:43,这啥子电影啊？！不知云云，导演的叙事手法和把控力严重不足。要不是2018年最后一天，绝不会选择这个电影,昆明
抚顺,"(1,)",wHM902572133,2,5.0,2018-12-31 21:08:30,这不电影是我18年睡滴最好的一部,抚顺
广州,"('',)",icebluehorse,4,0.5,2018-12-31 21:08:29,打一星是避免其他观众再白白花一笔钱买电影票却睡一整场……这部电影不适合百分之九十九点九的观众，所以大家还是不要去冒险了。,广州
涟水,"('',)",wZf818419743,2,0.0,2018-12-31 21:08:29,一点都不好看,涟水
黄石,"('',)",Bgv夏小楠,3,0.5,2018-12-31 21:08:28,不好看，不好看，不好看，不好看,黄石
商丘,"(2,)",一个薛之谦嗯,2,0.5,2018-12-31 21:08:27,辣鸡烂片滚吧,商丘
许昌,"(2,)",如果你是这样的、,2,1.0,2018-12-31 21:08:27,真是垃圾。完全看不懂。浪费钱，浪费感情，浪费时间。,许昌
南京,"('',)",CeK342854811,3,2.0,2018-12-31 21:08:24,比较差比较差,南京
呼和浩特,"('',)",aabiubiubiubiu,2,0.5,2018-12-31 21:08:18,一分不能再多了  我的妈呀  从头到尾没看懂一点   啥玩意   一会儿这一会儿那的   后悔死了都  什么烂片  千万别买了  太难看了,呼和浩特
贵阳,"('',)",侬侬,1,0.5,2018-12-31 21:08:15,难看到爆、、,贵阳
哈尔滨,"('',)",Yuan博柯,2,0.5,2018-12-31 21:08:14,啥玩意没看明白,哈尔滨
三河,"('',)",iCk465167469,2,0.5,2018-12-31 21:08:07,"浪费金钱和时间   真的很垃圾的电影 
导演仿佛没有毕业一样   全程没有联系",三河
焦作,"(1,)",遇见,2,0.5,2018-12-31 21:08:05,浪费钱啊兄弟们,焦作
西宁,"('',)",YcB901795349,3,0.5,2018-12-31 21:07:58,真的看睡着了…,西宁
河池,"(2,)",暖白。110,1,0.5,2018-12-31 21:07:56,这电影可能是一般人欣赏不来的吧,河池
鞍山,"(1,)",阿旭l,2,0.5,2018-12-31 21:07:55,该说不说没看明白！,鞍山
济宁,"(2,)",εïз惠美阿,3,0.5,2018-12-31 21:07:52,没看懂 没看懂没看懂 怕了怕了,济宁
南通,"(2,)",漱黎,2,0.5,2018-12-31 21:07:48,根本看不懂噗🙈🙈催眠神电影.. 强烈不推荐,南通
兰州,"(2,)",Iamnotii,2,1.0,2018-12-31 21:07:47,烂片。看了一半想退票…,兰州
上海,"(2,)",刘敏1231,2,0.5,2018-12-31 21:07:46,咋说呢，不好看，特无聊，以为是3D的结果看了一个小时都没带过眼镜，走了，没看完，好多人都走了,上海
济南,"('',)",杰然不同伦落成美,2,0.5,2018-12-31 21:07:43,大哥，你那剪预告片的水平呢。,济南
鞍山,"(1,)",栀猫.桅寒,2,0.0,2018-12-31 21:07:43,差的一批。。,鞍山
郑州,"('',)",惊鸿ggghjk,2,0.5,2018-12-31 21:07:40,我不知道发生了什么，我只知道我睡得真香！😂,郑州
雅安,"(1,)",路人甲,3,0.5,2018-12-31 21:07:40,1分给我的电影票钱，垃圾烂片就一个名字取的好，全是噱头,雅安
苏州,"('',)",EBk373959663,3,0.5,2018-12-31 21:07:39,全程都是好奇怪。恕我直言——演员到底在干啥,苏州
洛阳,"(2,)",wubing52,2,0.5,2018-12-31 21:07:39,太难看了，正在看当中，实在是看不下去了，有好多人都走了，半个星都不想。还没有看的都别看了，上当受骗,洛阳
哈尔滨,"('',)",江南投资🎀王蕊,3,0.5,2018-12-31 21:07:38,看的我困死了.到底是啥意思.这个片,哈尔滨
淮安,"(1,)",我闃,3,0.5,2018-12-31 21:07:38,超级好看，我全程懵逼看不懂。苹果肯定是红富士的很甜，很好吃!,淮安
宜宾,"(1,)",曦遇倾城,3,0.5,2018-12-31 21:07:37,诶难看，很难懂，无厘头,宜宾
北京,"('',)",蹦蹦虫儿,1,1.0,2018-12-31 21:07:36,全程懵，不知道在表达什么……,北京
沈阳,"(1,)",MARVELfiance,3,0.5,2018-12-31 21:07:36,。。不懂。。,沈阳
天津,"(1,)",jieer402,1,0.5,2018-12-31 21:07:33,借我旁边的女生的话，记住这个导演的名字，再不看他的电影……这半分是给帮助催眠不错,天津
潍坊,"(2,)",我拿什么去坚持,2,0.5,2018-12-31 21:07:31,没看过这么烂的电影，想知道电影的中心思想是什么，还不如我三年级写得作文有看头。,潍坊
郑州,"(2,)",FASCINATING,2,1.5,2018-12-31 21:07:30,get不到哪里好看了，逻辑关系太复杂,郑州
青州,"(2,)",当我死了吧,2,0.5,2018-12-31 21:07:28,看不懂，直接看不懂，我怀疑我的智商，,青州
郑州,"('',)",乌啦拉乌啦拉,2,0.5,2018-12-31 21:07:25,全程贵州话，一颗苹果吃到底,郑州
临汾,"(1,)",vcZ665190311,2,0.5,2018-12-31 21:07:25,看到一半直接退场，不解释,临汾
佛山,"(1,)",lcozvye,3,2.5,2018-12-31 21:07:22,电影体验一般,佛山
成都,"(1,)",伈随风飞x,2,0.5,2018-12-31 21:07:21,本来心情挺不错的，呵呵，看完以后整个人都不好了,成都
延安,"('',)",🐬,2,2.5,2018-12-31 21:07:16,恕我直言，懵逼场里懵逼出,延安
黄石,"(1,)",rui,1,0.5,2018-12-31 21:07:15,"本人烂片不是没有看过的，但是烂到这种我想提前退场的，我真是第一次看。
你文艺你🐴 呢？？？
最起码得讲故事你得讲明白吧，吃苹果吃你🐴 呢？？？",黄石
徐州,"(1,)",GlU728313724,2,0.5,2018-12-31 21:07:13,看的时候带着被子或者扑克牌,徐州
郑州,"(2,)",🌸 ぺ灬轲йíйɡル,3,0.5,2018-12-31 21:07:06,有史以来我没看过比这还看不懂的电影，可能是我情商和智商都太低，一边看一边看剧情简介，结果30分钟后我还是呆不下去了，硬是没明白啥意思，云里雾里，快要发疯看的心急，还好是女神汤唯，就这吧，唉,郑州
北京,"(1,)",Brandon·Wang,5,1.0,2018-12-31 21:07:05,嘻嘻，补给汤唯女神一张票钱，OK啦,北京
眉山,"('',)",LpN309892235,3,0.0,2018-12-31 21:07:03,什么破电影，被片名欺骗了。垃圾电影,眉山
宜宾,"(1,)",淡蓝色的火焰,2,0.5,2018-12-31 21:07:01,史上最烂，观众比电影先散场的烂片，没有之一，只有唯一！百分之一万建议别去看，浪费时间的粪作！,宜宾
福州,"('',)","hu""weny""",1,5.0,2018-12-31 21:07:00,音效，摄影。,福州
聊城,"('',)",阿静sxj,3,0.5,2018-12-31 21:06:58,真的很垃圾！,聊城
泸州,"('',)",NpU204596354,2,0.5,2018-12-31 21:06:57,Low low,泸州
大庆,"(2,)",叶儿,2,0.5,2018-12-31 21:06:54,一脸懵逼出来的 无语了,大庆
杭州,"('',)",熏染樱花泪,2,5.0,2018-12-31 21:06:53,有点无聊巴拉巴拉。,杭州
诸城,"(1,)",花丿小东,2,0.5,2018-12-31 21:06:49,浪费我100块钱，祸害眼！！！,诸城
宜昌,"(1,)",磊子🏋🏻,3,0.5,2018-12-31 21:06:49,不把我的脑袋看坏了，云里雾里，不知道在讲计幺，编剧是在考验现众的奈心吧，差评，不建议,宜昌
綦江,"(2,)",gXZ116926205,2,0.5,2018-12-31 21:06:47,长镜头多的，催眠片,綦江
锦州,"('',)",yRe240144278,2,1.0,2018-12-31 21:06:39,对不起我是个低俗的人,锦州
广汉,"('',)",unfilwatered,2,5.0,2018-12-31 21:06:34,真的超级好看 虽然我还没看完,广汉
广汉,"('',)",WGw294269531,2,2.0,2018-12-31 21:06:34,难看，看不懂。,广汉
陇南,"(2,)",M坎坷路,2,0.0,2018-12-31 21:06:29,哎。看咯这么多电影，第一部看到中途就无聊到出来的电影，,陇南
宜兴,"('',)",bwr946449866,2,1.0,2018-12-31 21:06:27,浪费时间，浪费生命,宜兴
赣州,"('',)",少女的祈祷Zz,3,0.5,2018-12-31 21:06:25,我不知道是不是我太蠢了 看不懂这电影 看的想睡觉,赣州
庆阳,"('',)",OZx447188944,3,0.5,2018-12-31 21:06:22,浪费时间。继乌龙院2之后最烂电影,庆阳
武汉,"(2,)",ZF2447,2,0.5,2018-12-31 21:06:19,看过最不好看的电影没有之一！,武汉
北京,"('',)",Wwz541905577,2,0.5,2018-12-31 21:06:17,第一次看了半个小时就走了，完全不知道在说什么，支离破碎，excuse  me，这叫文艺片？这tm明明就是烂片！,北京
南安,"('',)",SZf501298667,2,0.0,2018-12-31 21:06:17,很难看，浪费我的时间浪费钱,南安
太原,"('',)",JYh524871332,2,0.5,2018-12-31 21:06:16,世上最烂。。。。。。浪费时间,太原
重庆,"('',)",KvJ582962301,1,0.0,2018-12-31 21:06:11,破电影 看过最垃圾的电影,重庆
北京,"(2,)",嘉园,1,0.5,2018-12-31 21:06:10,说不出来的恶心……汤唯怎会出演这样的影片……无语😓……额……,北京
天津,"('',)",Excell,4,0.5,2018-12-31 21:06:08,可以打0.5吗,天津
鄂州,"('',)",上海窗林门窗   王菲  18608654267,5,1.0,2018-12-31 21:06:08,两分送给每一位认真的演员。为什么获奖我不知道，我只知道一个导演最基本的是要让观众懂得你到底要说嘛～全程疑惑脸，不知所云。可以说我每周一部电影的人，专爱看悬疑电影的人，一直到最后真的都不知道你到底说的什么鬼。没有最差，只有更差。这样的电影都能获奖，难道真的是懂的人越少越觉得高端吗,鄂州
广州,"(1,)",Mr Zhong&电影票,3,0.5,2018-12-31 21:06:05,超级无敌烂，莫名其妙,广州
青岛,"(2,)",언니,1,0.5,2018-12-31 21:06:04,太**了…18年底…跨年看的电影…中国电影就这水平？拿出去不丢人啊？太欺骗消费者了…这电影就为了给演员增添镜头和出场率的吧…一个镜头能把上楼梯的全过程剪进去？还好楼梯不长…不然看到啥时候？再也不喜欢这破电影里的任何一个所谓的大碗的演员…什么电影都参与…也算自己瞎了眼。,青岛
南京,"('',)",JRt685778887,4,0.5,2018-12-31 21:06:04,什么玩意这电影,南京
成都,"(2,)",易美丽661,2,0.5,2018-12-31 21:06:03,呕……谢特 吗惹儿发克  看过最难受的一部电影了 烂片！！！,成都
许昌,"('',)",一方，,2,0.5,2018-12-31 21:06:03,垃圾电影  难看的要死,许昌
沈阳,"(1,)",hOI600065985,2,0.5,2018-12-31 21:06:02,最烂片，没有之一了,沈阳
重庆,"(2,)",,1,0.5,2018-12-31 21:05:57,全程懵逼，这电影是讲了个啥，，，,重庆
抚州,"('',)",wh,3,0.5,2018-12-31 21:05:54,一星我都觉得给多了,抚州
十堰,"(2,)",Smile丷陌上花开,3,0.5,2018-12-31 21:05:54,能睡一个半小时的电影，开头两分钟白天的画面，一个小时的序幕，睁瞎了眼睛也不知道在讲什么,十堰
乌鲁木齐,"(2,)",炸鸡1997,3,1.0,2018-12-31 21:05:52,一脸懵逼的进来，一脸懵逼的出去，可能我是个俗人吧！,乌鲁木齐
台州,"(2,)",我是一颗葱i,3,0.5,2018-12-31 21:05:51,有分就不错了🙃如果可以，我想一分都不给,台州
江门,"(2,)",㋡,2,0.5,2018-12-31 21:05:50,搞不懂在说什么,江门
深圳,"('',)",IqN687775535,2,0.0,2018-12-31 21:05:47,一星也不想给，**，看了影评的人千万不要来看这个电影了，太坑了，看不懂，无聊到爆，什么2018年最有意义的电影，炒作，扯淡,深圳
丽水,"(2,)",mSe547238504,1,0.5,2018-12-31 21:05:47,根本看不懂，很无语的电影,丽水
南阳,"('',)",ffF951045360,2,0.5,2018-12-31 21:05:45,看完出来看到这么多差评我就放心了，过程中睡了两觉，完美,南阳
黔南,"('',)",kyD269307441,2,0.5,2018-12-31 21:05:43,烂透了，无聊,黔南
三亚,"('',)",LQY6636.,3,0.5,2018-12-31 21:05:43,什么破垃圾电影 没错  这是一部   爱情  悬疑  惊悚  喜剧  于一身的超级烂片,三亚
沈阳,"(2,)",东北爱猫人,5,3.5,2018-12-31 21:05:41,这种先2D后3D的拍摄手法还是头一次见，只不过剧情太复杂看不懂。唉~一部文艺片也就这样了，爱情是有了，可是悬疑呢？,沈阳
郑州,"(1,)",梦魇思醉,2,0.5,2018-12-31 21:05:34,睡得很舒服啊,郑州
武汉,"('',)",SEV955133601,3,1.0,2018-12-31 21:05:34,一分都不想给呀，一个苹果啃了1.2分钟。,武汉
杭州,"(2,)",Hedy,3,0.5,2018-12-31 21:05:22,没看过比这部电影难看的了,杭州
大连,"('',)",LhK152026551,2,5.0,2018-12-31 21:05:19,很好的文艺片，希望不要被看不懂的大众恶意刷分,大连
武汉,"(1,)",Eee949326564,1,0.5,2018-12-31 21:05:14,吃苹果看了几分钟，眼里都是戏**，我品味是真的有限.,武汉
泉州,"(1,)",A麓山,3,0.5,2018-12-31 21:05:14,全程看不懂在演什么。,泉州
呼和浩特,"('',)",ChU300563059,1,0.5,2018-12-31 21:05:08,看不懂，又臭又长,呼和浩特
恩施,"(1,)",半世流年一世癫ぃ,1,0.5,2018-12-31 21:05:08,垃圾的要死，浪费这么好的电影名！谁看谁后悔,恩施
宁波,"('',)",L_raqis°,3,1.0,2018-12-31 21:05:07,第一部想离场的电影,宁波
嵊州,"(2,)",Ivy,3,0.5,2018-12-31 21:05:04,都不知道在讲什么啦。,嵊州
北京,"('',)",晓静静静静静～～,3,0.5,2018-12-31 21:04:58,太垃圾了。看半天没看懂！,北京
广州,"('',)",闹&腾,2,0.5,2018-12-31 21:04:57,看半小时就走了真的今年最差,广州
昌乐,"('',)",uJV199108942,1,0.5,2018-12-31 21:04:56,超级烂的一部电影，2018年最烂的一部电影,昌乐
铜川,"(2,)",👀丹,1,0.5,2018-12-31 21:04:52,可以半颗星也没有吗？什么鬼？这样的电影免费请的看都觉得浪费时间,铜川
宁波,"(2,)",单小爷,2,1.0,2018-12-31 21:04:44,可能是我看不懂吧，感觉挺烂的,宁波
三河,"('',)",SOa202272649,3,2.5,2018-12-31 21:04:41,看不明白电影到底讲了什么，宣传比电影好多了，如果不是因为跨年这天播，不会去看这个点电影的，情节特别生硬，哪也不连哪，一会梦一会现实的，连角色都分不明白,三河
武汉,"(1,)",知易行难👹,2,1.5,2018-12-31 21:04:41,一脸懵逼看完,武汉
宿迁,"('',)",梧桐树吖,3,0.5,2018-12-31 21:04:41,全程没看懂。。。,宿迁
广汉,"(1,)",Collyady,2,0.5,2018-12-31 21:04:38,全程无聊 不知道讲什么,广汉
桐乡,"('',)",赵19890922,3,0.5,2018-12-31 21:04:34,没有更烂只有最烂,桐乡
东台,"(2,)",文雯有八十一难,2,0.5,2018-12-31 21:04:31,"好无聊的啊
根本第一遍就看不懂
特别烂",东台
保山,"('',)",f笑靥如花的女人,2,1.5,2018-12-31 21:04:29,未免太烂了，这是今年看过最难看的电影了！剧情什么毛,保山
龙泉,"('',)",wjf669001,2,0.5,2018-12-31 21:04:27,不好看，超烂的,龙泉
辛集,"('',)",Pcj678411001,2,1.5,2018-12-31 21:04:26,看不懂，没意思啊,辛集
上海,"(2,)",wSJ157078244,1,1.0,2018-12-31 21:04:26,根本不知道在演什么,上海
福州,"('',)",早安！紫外线,2,0.5,2018-12-31 21:04:23,靠的是片名吧，烂,福州
西安,"('',)",白白19880713,1,3.0,2018-12-31 21:04:23,这三分是给汤唯的，我现在正在电影院看，这部电影，宣传很到位，很多人在跨年夜看这部片子，我和老公在一起看，他在玩手机，如果是2d还可以看下去，3d看起来费眼睛，瞌睡，好多人在后面说，看不懂，不好看。,西安
太原,"('',)",Frk890220824,2,0.5,2018-12-31 21:04:17,全程懵逼，并且强忍着睡意一直以为会有精彩的结果是我想多了，而且不懂为什么中间开始要用3D完全没差啊,太原
临汾,"('',)",SPB129716910,2,0.5,2018-12-31 21:04:16,不好看真的不好看,临汾
株洲,"('',)",HgP258441542,3,0.5,2018-12-31 21:04:10,地方口音就算了，一个个说话还死气沉沉的。,株洲
福州,"(2,)",Sycamore.,2,0.5,2018-12-31 21:04:09,卖得片名。。,福州
合肥,"(2,)",豆豆,2,0.5,2018-12-31 21:04:09,烂片，完全没有任何好看的地方,合肥
绵阳,"('',)",Rla382218751,2,0.5,2018-12-31 21:04:09,境界果然高。表示看不懂。。。用大部分人眼光看。。就是拖沓。。故事情节紊乱。。瞌睡是挡不住了。。。,绵阳
即墨,"(2,)",半路友人！465,2,5.0,2018-12-31 21:04:05,很好很不错 挺好看的,即墨
邢台,"(1,)",逆天大圣933,1,0.5,2018-12-31 21:04:03,看了没四十分钟就想睡着了全程犯困，建议来看的话带个被子枕头啥的。2018最烂电影没有之一！,邢台
无锡,"('',)",SYq75396059,4,0.5,2018-12-31 21:04:02,给一分是因为最低分是一分，同时他治好了我的失眠,无锡
乌鲁木齐,"('',)",BVm606297358,2,1.0,2018-12-31 21:04:01,不知道是什么支持着我看完这部电影的,乌鲁木齐
武汉,"('',)",kilio7,2,0.5,2018-12-31 21:03:54,史上烂片，就是炒起来的,武汉
北海,"(1,)",small luckly,4,0.5,2018-12-31 21:03:49,这个电影卖的就是时间 电影名字跟剧情半毛关系都联系不上 是我看的最烂的一个电影 还不给退票 真的垃圾到爆,北海
贵阳,"('',)",小猪佩琪咧,1,5.0,2019-01-01 21:09:28,各位，跨年点抢的票，费尽心思，果然我被骗了，被各大宣传和评价骗了。影片是真的烧脑怪我情商低吧属实看不懂，整个影院见证两个吃苹果的镜头，从头吃到尾，嗝～刚开始还看了一个老鞭皮开演唱会，那叫一个自嗨的尬啊，坐滑索从头坐到尾，看的我捉急啊！什么鬼剧情一点关联都没有，贵州话还算小班班标准。说什么跨年点看到和对象吻到明年，woc开什么玩笑这么尬的剧情让我怎么浪漫，有些人走着走着就散了，有些电影看着看着就睡着了，人就慢慢走完了，评分给电影院环境可以，然后沙发确实舒服，我差点睡感冒了，大桶爆米花都吃完了，嗝～2018最炸电影没有之一，满分！能骗一个是一个。就这样，无力吐槽。,贵阳
深圳,"('',)",EvH155749738,2,3.5,2019-01-01 21:09:27,好看啊再看一遍,深圳
沈阳,"(2,)",liudi19961216,2,0.5,2019-01-01 21:09:17,拉么，拉么，拉么，太了拉吧！,沈阳
天津,"(1,)",中东西南北,3,0.5,2019-01-01 21:09:15,1分给吻戏，不能再多了，什么玩意儿。,天津
武汉,"(1,)",VnR21854683,3,1.0,2019-01-01 21:09:09,真不这烂片是如何审批通过的，从头看到尾，真不知编导们究竟拍此片是要表現啥？？？,武汉
吉林,"(2,)",MXJ1111,4,1.0,2019-01-01 21:09:05,可能很好  不过没懂,吉林
郑州,"('',)",秦琪w,2,0.5,2019-01-01 21:08:51,这拍的什么玩意！！,郑州
广州,"('',)",WX2921715197,1,1.0,2019-01-01 21:08:46,不好看，一点剧情都没有，演的乱七八糟的,广州
淄博,"(1,)",qzuser,1,0.5,2019-01-01 21:08:25,辣鸡的要死。。,淄博
咸阳,"(2,)",AyP826741936,2,1.0,2019-01-01 21:08:12,烂片，，，，，,咸阳
连云港,"(1,)",孙漂亮的殷毛毛,2,0.5,2019-01-01 21:08:01,一分我都嫌给多了,连云港
石家庄,"('',)",先生i00,2,0.5,2019-01-01 21:07:52,这是我看电影这么多以来，看得我腰疼坐不住，坚持不到零点了，太伤心了,石家庄
十堰,"('',)",大雄与猫,3,1.5,2019-01-01 21:07:41,导演确实不应该将自己对故事的理解要用这种方式强加给观众，全片都没有看到过阳光，天气不是阴沉就是下大雨，要不就是晚上，看的非常压抑沉闷，作为文艺片，可能这是一个有内涵深沉的故事，但根本就不应该在元旦期间上映啊，不敢说我看的很明白，140分钟，感觉很多镜头都在浪费时间。,十堰
北海,"('',)",qgS821581774,1,1.0,2019-01-01 21:07:39,真的牛逼电影  2018年度最精彩电影,北海
潍坊,"(2,)",二喵,2,0.5,2019-01-01 21:07:38,对我的折磨留在了2018，希望大家2019别给自己找罪受,潍坊
武汉,"(1,)",李腾2012393053,1,0.5,2019-01-01 21:07:27,什么垃圾东西……,武汉
北京,"(1,)",黑猫,4,3.5,2019-01-01 21:07:10,画面绚烂如画如梦，电影还属于先锋实验性电影，导演在探索新的电影叙事方式，不该采用商业电影式营销,北京
大连,"(1,)",是潘先生,2,0.5,2019-01-01 21:07:09,两个多小时演的啥啊，还不如拍个生活日常呢，真是2018的遗憾，浪费时间？！！！,大连
沈阳,"('',)",迷路的包子君,2,0.5,2019-01-01 21:07:04,太次了，看不懂,沈阳
武汉,"(1,)",ZPA617593074,2,0.5,2019-01-01 21:07:01,有史以来最难看的电影！,武汉
张家口,"('',)",sleep483,2,0.5,2019-01-01 21:06:49,完全没看懂，,张家口
青岛,"(1,)",mDH830894561,2,2.0,2019-01-01 21:06:45,说实话，从2d到3d的视觉转换是个非常有特色的设计，整部电影满满的模仿王家卫导演的痕迹，台词中二，剧情拖沓，长镜头过多，，不是看在演员的份上可能我不会来看，,青岛
秦皇岛,"('',)",OdX783392146,1,0.5,2019-01-01 21:06:44,实在不想说了，讲的什么啊，不看介绍根本看不明白讲的什么，扑朔迷离的，一会儿一个事，太跳了。,秦皇岛
承德,"('',)",HBJ740700490,2,0.5,2019-01-01 21:06:28,什么吃啊，简直是我今年看的最烂的片,承德
合肥,"('',)",Fenghoubin爱你啊,3,0.5,2019-01-01 21:06:27,能给0分嘛。。,合肥
许昌,"('',)",QIw673320268,2,0.5,2019-01-01 21:06:22,做这俩小时很努力看，真是看不懂，,许昌
成都,"(1,)",随便耍嘛,2,0.5,2019-01-01 21:06:22,从来没看过这么烂的电影，看了一半就走了,成都
绍兴,"(2,)",LIO855397874,3,0.0,2019-01-01 21:06:18,烂得不能看 浪费时间,绍兴
介休,"(1,)",东方蓝调的泪水,1,0.5,2019-01-01 21:06:16,烂片，光搞噱头了,介休
濮阳,"('',)",12138佩奇,3,0.5,2019-01-01 21:06:15,后边儿大哥，在我快睡着的时候，说了一句，这电影有点儿诡异啊…,濮阳
枣庄,"(1,)",广阔天空,2,0.5,2019-01-01 21:06:03,中国电影真的没希望了，真烂,枣庄
深圳,"(1,)",ALN331815682,2,1.5,2019-01-01 21:05:59,表示没看懂，啥也没看，全程在睡,深圳
武汉,"(1,)",猫太闹,5,3.0,2019-01-01 21:05:54,"碎片化的现实与回忆，真的很晦涩，很让人懵逼，还真的差点让人闭眼入梦，不过看到一半后，男主率先入梦了。这个一镜到底的梦娓娓道来，清晰地交织着回忆与现实，幻化为你我他邂逅的最后之夜，的确有点意思。
另外，说它烂片也好，神片也罢，但不可否认，导演的野心和片方的野心都很大。小众的文艺片要口碑还是票房，这种鱼与熊掌不可得兼的问题，你们心里没点数么 ?",武汉
济南,"(1,)",哎呦喂嗨123,1,5.0,2019-01-01 21:05:50,并不能说10分 但是我喜欢 想尽微薄之力提提评分罢了,济南
商丘,"(2,)",兰点LDD,2,0.5,2019-01-01 21:05:49,超级烂的一部电影，有史以来感觉最难看的一部电影,商丘
郑州,"('',)",欠砍,4,4.0,2019-01-01 21:05:47,这部电影的宣发有大问题，明显骗了相当一批本不该在观影范围的观众看了这部文艺片。但是毕赣依旧保持了自己的水准，他把一部简单的剧本用电影语言，将前半段凌乱的线索和后半段一镜到底的梦境合而为一，结尾戛然而止，很干练。,郑州
费县,"('',)",DJu284680151,2,0.5,2019-01-01 21:05:46,难受这个电影,费县
葫芦岛,"(1,)",馬叔🌞,2,0.5,2019-01-01 21:05:36,全程我都没看明白电影什么意思 一直就是一个人那那块说话,葫芦岛
大同,"('',)",ZOB221614155,2,1.0,2019-01-01 21:05:34,这部电影当时能坚持看完不退场的人都是真爱呀！,大同
武汉,"(2,)",CXG996809063,2,1.0,2019-01-01 21:05:32,不好看啊。。。。稀烂,武汉
东莞,"(2,)",七邪·,2,0.5,2019-01-01 21:05:29,这个电影一点也不好看,东莞
玉溪,"('',)",DlZ432248629,1,0.5,2019-01-01 21:05:26,完全不懂发生了什么，全程一脸懵逼,玉溪
常州,"(1,)",三寸季光不忘卿丶,2,1.0,2019-01-01 21:05:16,看了20分钟就出来了，就电影名字应景，内容看不懂。,常州
西安,"('',)",lang浪姬,2,1.5,2019-01-01 21:05:14,看的一脸懵逼啊 没看懂 电影没有3D效果 剧情烂是我看过最差的 谢谢,西安
南郑区,"('',)",沫熙997,2,5.0,2019-01-01 21:05:13,完美，这些年看过最烂的一部电影，没有之一,南郑区
濮阳,"('',)",守望花开110,1,0.5,2019-01-01 21:05:07,一点也不好看,濮阳
太原,"('',)",BFt512111951,2,0.5,2019-01-01 21:05:04,辣鸡片 好好的跨年没了,太原
寿光,"('',)",营营girl,2,1.0,2019-01-01 21:04:57,一点都没意思。。,寿光
北京,"(1,)",福根儿,3,0.5,2019-01-01 21:04:55,什么玩意，故作高深云里雾里的，会讲故事吗,北京
呼和浩特,"('',)",施小琴不走心,1,0.5,2019-01-01 21:04:53,有史以来看过最难看的电影。完全不理解。没意思。大过年的。本来想给个零分的。不能只好一分了。以后这个导演的电影我是不敢看了。困。还想中间逃走。。。。,呼和浩特
凉山,"(2,)",姜力洗护@丹丹,3,1.0,2019-01-01 21:04:52,不知道是不是自己智商不够，我想问下，有看的懂的吗？我没看懂，一场电影结束，一个场次的人都在说没看懂，导演的智商我们跟不上啊！,凉山
无锡,"('',)",尤某711,1,0.0,2019-01-01 21:04:37,又臭又长，还贵？？这是啥操作，别再上当了，这是我看过最烂的电影，没有之一！浪费了跨年时间。。。。,无锡
贵阳,"('',)",FmT326203336,4,1.0,2019-01-01 21:04:35,超级烂片、看不下去提前离场了,贵阳
苏州,"('',)",宝总123,3,0.5,2019-01-01 21:04:27,"尊敬的导演，你为我们拍了18年最后，19年的开始的一部电影，可是我们地球人看不懂
无力吐糟了",苏州
深圳,"(1,)",skr时,3,0.5,2019-01-01 21:04:18,不想说什么根本看不懂,深圳
龙口,"('',)",JgI746221293,2,0.5,2019-01-01 21:03:37,超差 真的。,龙口
深圳,"('',)",bay99917,2,0.5,2019-01-01 21:03:34,世上看过的最烂最无聊的电影，整部电影都不知道要说什么，从头到尾就在一堆破烂的房子里，人物乱七八糟的，画面充满了脏兮兮，整个电影就是典型的：脏乱差！什么破导演？汤唯很缺钱用吗？张艾嘉那个角色是什么意思？每个镜头拖拉到几分钟十分钟，140分钟要阐述什么？,深圳
莆田,"(1,)",林伟,3,0.5,2019-01-01 21:03:28,五个人一起去看的，那时候看只有这部电影可以从2018看到2019所以就去看了。电影不知道在演什么，看了差不多半小时，我们五个就跑去撸串跨年。这是我2018年看的唯一一部烂片,莆田
临沂,"(2,)",O.oooooo,1,0.5,2019-01-01 21:03:26,什么鬼 呵呵,临沂
绵阳,"(1,)",蟹小遇,3,0.5,2019-01-01 21:03:26,"座椅不错
睡得好舒服",绵阳
太原,"(2,)",偏闹。118,1,0.5,2019-01-01 21:03:13,看不懂。,太原
长沙,"(2,)",若627,2,0.5,2019-01-01 21:03:09,不好看，，，，，坑,长沙
石家庄,"('',)",leT878739772,3,5.0,2019-01-01 21:02:57,我只能说每个人的感受不同。看之前就有朋友说看不懂，其实一开始我也有点没看懂，但后来越看越带劲。有种东野圭吾的感觉，两个精分的小伙伴看的亢奋，看完了还讨论了一路。这种小众的片子不适合大多数人，也不适合情侣，宣传让很多人期待，但是这种片子其实不该大肆宣传让欣赏的人欣赏就好了。,石家庄
广州,"('',)",韵,0,0.5,2019-01-01 21:02:44,这么垃圾的电影，免费也不看,广州
鞍山,"('',)",eeZ773278613,3,0.0,2019-01-01 21:02:42,什么破电影，没头没尾的，什么也没看明白，还好一在跨年这年播出，占个好时机你不拍好电影，导演也是个二货，以后都别再拍了，再也不会看你电影，倒搭都不看,鞍山
兴城,"('',)",德摩根cc,2,0.5,2019-01-01 21:02:26,从未看过这样谜一般的电影，开场座无虚席，过了半个小时，还剩下十多个人，跨年夜去看这个电影的都是情侣，不知道他们看完是啥感受。,兴城
南昌,"('',)",涛涛江水1228,2,0.5,2019-01-01 21:02:24,只能说感觉自己和女朋友被骗了，本来觉得看这部电影跨年会很意义，没想到只是在浪费异地恋那珍贵的时间，今年挂羊头卖狗肉的电影真多,南昌
福清,"(1,)",亚伦yaren0,2,0.5,2019-01-01 21:02:18,难看死啦啊啦啦,福清
郑州,"('',)",eRc268340881,3,1.0,2019-01-01 21:02:15,这是我看过最烂的电影了  从头看到尾  没看懂演的啥,郑州
无锡,"('',)",柒染！！！！,2,0.5,2019-01-01 21:02:09,这部片子就是靠炒作，可能有人说这部片子不烂，是它太有深度了。可我想说，就算这是部好片，可也不要用炒作的方式来吸引票房啊，只会降低它的档次,无锡
三河,"(2,)",晨曦之光335,2,0.5,2019-01-01 21:02:02,最为一个普通的观众，表示很不喜欢这部电影，我觉得一部电影是讲述一个故事或者什么道理，我不太懂什么长镜头，我只看剧情，剩下的音效和镜头什么的拍摄方式都应该是为剧情本身辅助的，剧情好，好的拍摄方式可以使电影升华，剧情无趣再好的拍摄方式也只会让人想睡。,三河
福州,"(2,)",FLAMINGO19,3,2.0,2019-01-01 21:01:51,2018年度十佳烂片，叙事线乱七八糟，票价贼贵，结束后全场一片哗然，很多bug，最后一个手持镜头晕的我想吐，是有什么寓意所以要用手持吗？所以全片是要表达遇见对的人也是短暂的？,福州
杭州,"('',)",猫腻之间的秘密,3,0.5,2019-01-01 21:01:42,超级难看 不好看,杭州
沈阳,"('',)",香域女人,5,0.5,2019-01-01 21:01:36,这个电影是催眠电影，演员连个正脸都没有，,沈阳
徐州,"('',)",h69595,2,0.5,2019-01-01 21:01:26,好懒烂好难看,徐州
常德,"('',)",陈只只c,2,0.5,2019-01-01 21:01:18,不好看，，，,常德
广州,"('',)",JinGBb_,3,0.5,2019-01-01 21:00:35,完全看不懂 我看了个啥,广州
安丘,"('',)",潇芒殤,2,1.0,2019-01-01 21:00:26,这是我唯一看睡了的电影，讲的实在理解不了,安丘
昆山,"('',)",YUg308011164,1,1.0,2019-01-01 21:00:21,这是我看过最烂的电影没有之一,昆山
南京,"('',)",呀呀，土豆儿,2,0.5,2019-01-01 21:00:17,我所看过最垃圾的电影，没有之一！垃圾垃圾垃圾,南京
杭州,"('',)",Z、Pó,1,0.5,2019-01-01 21:00:13,一分都怕你骄傲,杭州
抚顺,"(1,)",Island张,3,0.5,2019-01-01 21:00:11,看不懂太抽象了,抚顺
烟台,"(1,)",独家记忆,2,4.0,2019-01-01 21:00:07,"整部电影给我的总体感觉就是很茫然，倒也不算是完全没看懂，准确的说，应该说是有点儿让我“不知所措”，全影都是用贵州方言讲述的，以主人公叫第一视角论述的，我觉得这是一个亮点，貌似是用回忆的那种方式来向观众讲述自己的往事，比较能够让人产生共鸣！
其实，不得不说，我是坚持着看完的，因为看到一半的时候就会有点儿无聊，突然有种没看懂的感觉，不过到3D效果的时候，就好了。。。
主人公的感情色彩很丰富，而且用情专一，仿佛通篇都是在寻找一个自己曾经深爱过的女人，
总的来说，还是可以的。。。",烟台
东莞,"('',)",IVP350987091,2,0.5,2019-01-01 21:00:05,困死了。，。，,东莞
镇江,"('',)",nti768601925,3,4.0,2019-01-01 20:59:33,2018年最后一天看了《地球最后的夜晚》，到中段的时候感到无聊，至影片结尾觉得还算有点代入感，现在看了一些影评，觉得这部文艺片还是挺有意义的。每个人都被一股洪流推动着，有的时候因缘际会，彼此遇到一起，但实际上离得很遥远。影片前70分钟的现实部分，男主角奋力去探寻真相，因为他的人生有太多的扑朔迷离，影片后60分钟的想象部分，男主角亲自给每个扑朔迷离的情节画上了心中的句点。心中的答案或许与现实毫不相干，但却最有效，因为真相就像无垠的太空般让人无处栖身，自己的寥寥几笔反倒成就了温馨的人间烟火。,镇江
武汉,"(1,)",李家孤狼,2,5.0,2019-01-01 20:59:32,影院的座椅超级舒服，十二点进厂看了五分钟睡得可舒服，醒了喝点饮料继续睡，影院也不冷，全程比较安静，必须好评。,武汉
呼和浩特,"('',)",樂樂抱抱,3,3.0,2019-01-01 20:59:28,还行吧很文艺看不懂有点还行,呼和浩特
商丘,"(2,)",zzH540001314,2,0.5,2019-01-01 20:59:22,地球最烂的电影,商丘
肇庆,"('',)",yy,3,2.5,2019-01-01 20:59:16,太文艺看不懂,肇庆
呼和浩特,"(1,)",vqE425289125,2,0.5,2019-01-01 20:59:15,差评差差差差评,呼和浩特
郑州,"(1,)",李维希嘟啦,3,0.5,2019-01-01 20:59:14,我真是服了！开场十分钟不到  瞌睡的头疼，实在抬不起来头  睡了一小会  之后就接着难受  ！！！2018年最难熬的两个小时！！！！！！！,郑州
惠阳,"('',)",GjZ242560360,2,0.5,2019-01-01 20:59:13,什么破电影。有史以来看的最垃圾的电影，没有之一，真是骗子，还说了我37块钱。。。。烂电影，太垃圾了,惠阳
广州,"('',)",模特,2,0.5,2019-01-01 20:59:12,能突破2.0就看你们了,广州
临沂,"(2,)",吖0919,2,0.5,2019-01-01 20:59:08,真心不好看，而且比一般电影都贵，要不是打着跨年的旗号估计应该没人去看。,临沂
烟台,"('',)",潘丽艳呀,2,0.5,2019-01-01 20:58:59,看不懂，看不懂。,烟台
太原,"('',)",blZ32939140,1,3.0,2019-01-01 20:58:59,不好看，？！赶紧,太原
郑州,"('',)",FFh108152137,2,5.0,2019-01-01 20:58:58,这部电影真是棒极了，肯定是你们没看懂,郑州
苏州,"('',)",epiphyllum9,3,0.5,2019-01-01 20:58:54,真心看不懂啊,苏州
淮南,"(1,)",Halo″,3,0.5,2019-01-01 20:58:48,最烂的片  遇到了最好的销售团队,淮南
清镇,"(2,)",贺丽娟,4,0.5,2019-01-01 20:58:48,烂片一部。不看后悔看了更后悔。退钱的心都有，超级垃圾片,清镇
吴江,"(1,)",混迹的鱼,3,0.5,2019-01-01 20:58:44,都是长镜头看的让人奔溃，这没关系，一部电影的灵魂在于会不会讲故事，看完这部电影我想说这两个小时我经历了什么,吴江
上海,"(2,)",七夏,2,3.5,2019-01-01 20:58:27,好看吗？我觉得应该是好看的吧，可惜我看不懂。很多人说这是一部被误导为爱情片的文艺片，是被骗进电影院的，嗯嗯，其实我也是被那句广告词给吸引的，虽然我看过介绍，知道是文艺片，还是坚持想看。总感觉，在2018年的最后一天，看一场以此命名的电影，有一种美好的仪式感。很浪漫。而剧情就在寻找中开始，在梦镜中走失，最后，长镜头的运用，真的不是一般导演可以驾驭的，非常成熟，比《路边野餐》更流畅自然。记录片一般，真实的透视着生活，而埋藏其下的还有内心的蠢蠢欲动。,上海
苏州,"('',)",LEV549845798,2,0.5,2019-01-01 20:58:26,呵呵哒，浪费我时间 呵呵呵,苏州
淮南,"(1,)",AWM3299,2,2.0,2019-01-01 20:58:08,也不知道是我情商低还是电影太高大上，两个小时完全在梦游,淮南
滕州,"(1,)",莫虚度482,3,0.5,2019-01-01 20:58:03,真的是特别无语,滕州
包头,"('',)",Tby566093749,3,2.5,2019-01-01 20:57:58,还行…………………………,包头
郑州,"(1,)",梨诚,2,1.0,2019-01-01 20:57:47,感觉智商被侮辱，啥也没看懂。,郑州
三河,"(1,)",老菠萝与小苹果_,2,0.5,2019-01-01 20:57:33,二十年来最烂的烂片。没有之一。,三河
大庆,"(2,)",A.今天很想你🧡,1,0.5,2019-01-01 20:57:33,苹果给好评.,大庆
上海,"(1,)",敷衍〆硪的笑,2,0.5,2019-01-01 20:57:30,地道的烂片   全程都不知演的啥,上海
连云港,"('',)",LetheSun.,2,1.5,2019-01-01 20:57:14,懵逼树上懵逼果，懵逼树下你和我,连云港
广州,"(2,)",🐰🍓🎃,4,0.5,2019-01-01 20:57:12,难看。无聊。 ,广州
抚顺,"(2,)",香草吧噗,2,2.5,2019-01-01 20:57:04,"四分给椅子  关于影片
也不错了  要不是有人叫我就睡到明年了🙄",抚顺
常州,"(1,)",一愿吃尽天下美食,3,1.0,2019-01-01 20:57:00,"2d转3d的内容，我个人觉得噱头意味更大
因为除了刚戴上3d眼镜是立体的字幕有点效果
剩余的内容就和3d没什么关系了
还是那句，可以，但没必要
本身电影用光就很暗了，还要再戴个3d眼镜
其实看来是更累眼睛了
最让我感受爆炸的一段，就是吃苹果的那一段
突如其来的吃苹果
眼睁睁看着吃完一个苹果，边吃边流泪
吃了2分钟
这真的颠覆了我对电影镜头运用的理解",常州
扬州,"('',)",饭饭820,2,0.5,2019-01-01 20:57:00,2018年度烂片，本以为是唯美的爱情片，结果是严重不符合片名,扬州
奉化,"(1,)",王萌萌_ii,3,0.5,2019-01-01 20:56:51,史上看的最烂的电影没有之一！！！,奉化
台州,"('',)",此用户名已注册W,2,1.0,2019-01-01 20:56:51,一分给苹果另一分给香烟整2分给坚持看完全片的自己全程懵逼没看懂发呆犯困,台州
邢台,"('',)",kGZ379117886,1,3.5,2019-01-01 20:56:40,电影应该分成两个部分，前面是他的回忆，后面是他的追寻，是一个梦，所以后半部分出现很多怪诞的事情，比如飞下去，烟花一直燃烧，整个电影是追忆，要是把汤唯饰演的角色想的特别好，就怎么看也看不明白了，其实是她骗了他，利用他杀了黑社会老大，却自己拿钱跑了。,邢台
延安,"('',)",kiss木嘛,1,0.5,2019-01-01 20:56:01,史上最烂，没有更烂只有最烂，简直毁掉了跨年的心情，太恶心了简直了……为什么没有零分，差评。,延安
银川,"(1,)",GSHUAI.,4,0.5,2019-01-01 20:55:38,烂到家了  我都不知道电影要表达啥      头疼,银川
清镇,"('',)",JmH697889675,4,0.5,2019-01-01 20:55:35,一部让人脑洞大开的影片，一直在问自己为什么没有看懂到底演的是个啥,清镇
西安,"('',)",lowkey1991,3,4.0,2019-01-01 20:55:22,长镜头运用较多，看起来有点累,西安
海安,"('',)",Rsl110719379,3,0.5,2019-01-01 20:54:57,影片内容跟电影名字完全没有任何关系 主要内容只叙述了一件事 两个人还82一点都不值,海安
莱芜,"(1,)",逆天x逆天,3,5.0,2019-01-01 20:54:56,看过最烂的电影 没有之一，幸好万达的座椅很舒服美美的睡了一觉,莱芜
巴彦淖尔,"('',)",_qq53s1436410620,3,1.0,2019-01-01 20:54:54,毫无尿点，特无聊,巴彦淖尔
惠州,"('',)",Icey菲菲,2,5.0,2019-01-01 20:54:38,文艺片，能咋说，各有各的看法，本就是梦境现实混沌不清的,惠州
重庆,"('',)",lvR680807391,1,0.5,2019-01-01 20:54:31,太难看了。从来没有看过这么难看的电影。,重庆
贵阳,"('',)",王鹤叡,2,3.0,2019-01-01 20:54:23,从开始到结尾都很懵逼,贵阳
重庆,"(1,)",尧尧,4,0.5,2019-01-01 20:54:16,女朋友是大哲学家看得懂,重庆
呼和浩特,"(2,)",bxr520hsl,2,0.5,2019-01-01 20:54:15,烂片烂片烂片,呼和浩特
敦化,"(1,)",喜欢游泳滴鱼,2,0.5,2019-01-01 20:54:13,不知道讲的是啥。烂片～,敦化
罗定市,"('',)",此心不二，,2,2.5,2019-01-01 20:54:12,影片表示看不懂，剧情很平，早知道看海王了。,罗定市
泰州,"('',)",jUs691869022,1,0.5,2019-01-01 20:54:04,看不懂...,泰州
东营,"(2,)",芯语baby,2,2.5,2019-01-01 20:53:59,不好看，没意思,东营
张家界,"('',)",Kcu834028685,2,0.5,2019-01-01 20:53:49,烂片........,张家界
昆明,"(2,)",小陈17,2,0.5,2019-01-01 20:53:32,不得不说确实很催眠,昆明
阜阳,"(2,)",非为长生,2,2.0,2019-01-01 20:53:24,原谅我可能不懂导演的心思，从头到尾没看明白。本以为会是一部催人泪下的片子，去看的时候已经做好了哭的准备，但看了之后发现我看的根本毫无头绪，没有任何线索可以让我看懂这个电影。  觉得它比较差是我个人原因，毕竟不是每个人的想法都一样，我们做不到统一,阜阳
苏州,"('',)",寻尛,2,0.5,2019-01-01 20:53:18,简直是2018年最后的神坑，全程懵圈过,苏州
平顶山,"('',)",yBP884271199,2,0.5,2019-01-01 20:53:16,完全没看懂   看了二十分钟就走了,平顶山
大连,"('',)",折翼女孩S,2,0.5,2019-01-01 20:53:08,什么鬼  坑人,大连
中山,"(1,)",一缕灬斜阳,2,0.5,2019-01-01 20:53:05,唯一一个能让我睡觉的电影，不错,中山
北京,"('',)",KDJ475354892,2,1.0,2019-01-01 20:53:03,光影昏暗，看不清楚，方言对白，听不明白，综上所述，我看睡了。,北京
东莞,"('',)",sxo349426341,2,1.0,2019-01-01 20:53:02,辣鸡啊！。。。,东莞
西安,"(1,)",joker32188,2,0.5,2019-01-01 20:52:58,烂到爆  导演脑子有坑,西安
泰州,"(1,)",小人物卐,2,0.5,2019-01-01 20:52:58,只能说上映de时间比较好，看好你哦,泰州
贵阳,"('',)",TSQ769628179,2,0.0,2019-01-01 20:52:53,表示看过最烂的一部剧,贵阳
淮南,"('',)",_qq27c1440440903,2,1.0,2019-01-01 20:52:42,辣鸡 真辣鸡,淮南
太原,"('',)",ljt797570247,2,0.5,2019-01-01 20:52:40,考验人的智商？时间主线太多，那条是真的，那条是回忆，太混乱，差评。一千个人一千个理解。,太原
沈阳,"('',)",喬筱瑞,2,0.5,2019-01-01 20:52:38,看不懂。。。。。。,沈阳
平遥,"('',)",幸福有秘方,3,0.5,2019-01-01 20:52:24,电影画质模糊，地方语言，难听懂,平遥
常州,"(2,)",朱珠717,2,2.0,2019-01-02 21:08:58,无聊啊。。。。。。,常州
石河子,"('',)",罗燕燕燕燕,2,0.5,2019-01-02 21:08:48,无聊无聊无聊,石河子
合肥,"('',)",AfY797586721,2,0.5,2019-01-02 21:08:47,一分都嫌多。,合肥
沈阳,"(1,)",hollow1738,1,0.5,2019-01-02 21:08:42,治好了多年的失眠，买跨年情怀，国产史诗级烂片,沈阳
泰兴,"('',)",fQf383844300,2,0.5,2019-01-02 21:08:32,一个垃圾不能再垃圾的电影，骗子,泰兴
成都,"(1,)",我在街上闲逛,2,0.5,2019-01-02 21:07:52,看了老半天没看懂是啥。有史以来看过最难看的电影，,成都
佛山,"(2,)",Andy楠楠,2,0.5,2019-01-02 21:07:22,没看过这么无聊的电影～只能说很烂！,佛山
昆山,"(1,)",gSH207268260,1,0.5,2019-01-02 21:07:13,年度最看不懂系列……,昆山
张家界,"('',)",mumudo,3,0.5,2019-01-02 21:06:46,别看了，你再有情怀也看不懂的。,张家界
马鞍山,"(1,)",LsS463801903,4,0.5,2019-01-02 21:06:28,第一部让我看着要睡着的片子,马鞍山
嘉兴,"('',)",jaX570385619,2,0.5,2019-01-02 21:06:19,超烂的 真的 别去,嘉兴
北京,"(2,)",yrr136,4,0.5,2019-01-02 21:06:16,全程140分钟，我只记得吃苹果了，是有多么好吃，连苹果核都要吞了,北京
杭州,"(2,)",梓囡z,2,1.0,2019-01-02 21:06:15,看了评分那么低 压根没去看,杭州
滁州,"('',)",fxU466703491,2,0.5,2019-01-02 21:05:57,差评从头到尾不知道什么意思。史上最垃圾的片子没有之一,滁州
西宁,"('',)",mDu822921787,1,0.5,2019-01-02 21:05:05,太差了！！！！！,西宁
杭州,"(1,)",玩虫子得泥巴,3,0.5,2019-01-02 21:05:00,烂到家 睡了一觉都结束不了,杭州
武汉,"('',)",Untilllv,2,0.5,2019-01-02 21:04:24,完全没看懂！！！,武汉
常州,"('',)",Onepeach_,2,3.0,2019-01-02 21:03:43,是部很悲伤的电影,常州
郑州,"(1,)",海绵宝宝_先生,1,0.5,2019-01-02 21:03:06,差评！难看！,郑州
五常市,"('',)",FMx319280861,3,0.0,2019-01-02 21:02:54,太恶心，烂片,五常市
武汉,"('',)",u.雾兮,2,3.0,2019-01-02 21:02:21,我只想说看的我想睡觉  可能是因为画质比较暗吧,武汉
潍坊,"(1,)",洗去凡尘,5,0.5,2019-01-02 21:02:16,这部电影不应该叫地球最后的夜晚，而应该叫地球最后的苹果，或者叫2018最后的烂片。实在是被恶心到了😡,潍坊
益阳,"(2,)",wan430903,2,0.5,2019-01-02 21:01:50,超级无聊，一个苹果啃几分钟，一个缆车下去几分钟，**就是骗钱的,益阳
青阳县,"('',)",喜柚y,1,0.5,2019-01-02 21:00:59,1分都多了，浪费老子钱,青阳县
梅州,"('',)",LiLLL,2,3.5,2019-01-02 21:00:49,文艺片就不要夸大宣传了，还是这么特殊的日子，到头来还不是被喷的一无是处，自然有文艺片受众喜欢看。不过多亏这部片子，在00:01牵起了现在女朋友的手。7分给相信爱情的人们,梅州
成都,"(2,)",Otra Vez 💙,3,3.5,2019-01-02 21:00:19,2.7这是真实的吗。。。别吧。。。人家也没说自己是商业爆米花片你们干嘛要拿商业片的标准去看？,成都
亳州,"(1,)",张先生要饭专用,2,1.5,2019-01-02 21:00:09,没看懂  完全看不懂,亳州
广州,"(1,)",DRc13450415270,4,0.5,2019-01-02 21:00:03,垃圾中的垃圾,广州
兰州,"('',)",发兔麦,2,2.0,2019-01-02 20:59:47,不知道，怎么说。真的是一言难尽！一脸懵逼的进来，一脸懵逼的出去。实在坐不住就离开了。哈哈哈,兰州
北京,"('',)",TpR738892470,1,0.5,2019-01-02 20:59:43,跨年夜买电影票在电影院睡了个好觉，一醒来人走一大半了 。。。一分是给电影院的座椅的😌,北京
抚州,"(1,)",奇点,2,0.5,2019-01-02 20:59:21,真的，到底在讲啥?五分钟吃苹果六分钟滑钢索?,抚州
郑州,"(2,)",SfA835646067,3,0.0,2019-01-02 20:59:13,最差没有之一，烂片中的烂片,郑州
青岛,"('',)",乐芙尚,2,0.5,2019-01-02 20:59:07,看完电影从来没评价过，这个实在是气到我了，剧情太烂了。。。。,青岛
绵阳,"('',)",杰,3,5.0,2019-01-02 20:58:38,完美的电影，完美的2018,绵阳
苏州,"('',)",MOFL1,3,4.5,2019-01-02 20:58:38,最可悲的是挣扎在记忆里，分辨得出梦境与现实但依旧自欺欺人，一头扎进幻想，越陷越深。汤唯饰演的像一股风，吹进男主的心，也带他进了沼泽,苏州
石家庄,"(1,)",你的佳佳i,3,0.5,2019-01-02 20:58:32,**这个片真的看不懂好难看啊这啥烂片炒作的呕恶心,石家庄
北京,"(1,)",回头丶yi无路可走,4,5.0,2019-01-02 20:58:25,文艺片能拍成这样很不错了,北京
西安,"('',)",🤓张毅₆₆₆,2,0.5,2019-01-02 20:57:10,唯一一次看电影睡着的，垃圾,西安
南京,"('',)",OGD467518106,1,0.5,2019-01-02 20:56:46,全程看他们吃苹果,南京
长沙,"(1,)",i501821174,2,0.5,2019-01-02 20:56:19,渣。，。。。。,长沙
武威,"(2,)",ohh你太甜了,3,0.5,2019-01-02 20:56:04,给一分都嫌多了。什么烂片。跨年晚上看了半个小时没看懂，还以为是我智商有问题，也不敢给男朋友说，结果男朋友突然也说看了半天没看明白在干什么，然后我俩就走人了。浪费钱,武威
四平,"(1,)",东北飓风,4,1.0,2019-01-02 20:55:59,呵呵 怎么说呢,四平
贵阳,"('',)",eZa18984141503,4,0.0,2019-01-02 20:55:59,难看要命，超级难看，浪费钱,贵阳
徐州,"(1,)",松野一松,2,4.0,2019-01-02 20:55:17,剧情还可以，但是没有人物介绍理解起来比较困难,徐州
许昌,"('',)",lBP524853856,1,1.5,2019-01-02 20:55:14,为了他们的努力，,许昌
东莞,"(1,)",.,3,0.5,2019-01-02 20:55:10,好看到机制啊,东莞
苏州,"('',)",PML862851250,2,0.5,2019-01-02 20:55:00,超级烂，烂透了,苏州
高阳,"('',)",LNX365728544,1,1.0,2019-01-02 20:54:51,垃圾的电影 营销手段欺骗顾客。,高阳
南雄,"(2,)",dLl444069369,1,0.5,2019-01-02 20:54:39,这是我看过的最烂的电影，没有之一,南雄
重庆,"(1,)",陆体伟,6,0.5,2019-01-02 20:54:20,没有最差只有更差,重庆
台州,"(2,)",RNU897022605,3,5.0,2019-01-02 20:53:50,很喜欢这种题材能让人静下心来看的一部电影,台州
上海,"('',)",赫阿赫,4,2.5,2019-01-02 20:53:29,资本会把导演放在他合适的位置,上海
呼和浩特,"('',)",华晨宇Momo,2,0.0,2019-01-02 20:53:21,一分都不想给。。。,呼和浩特
淮安,"('',)",阿Jiang啊,2,0.0,2019-01-02 20:53:08,明人不说暗话，0分,淮安
崇明区,"(2,)",wewelovexy,1,0.5,2019-01-02 20:53:04,超级不好看 没有中心思想 2018最烂电影,崇明区
乌兰察布,"('',)",dYB888931652,2,0.5,2019-01-02 20:51:44,汤唯 是已经无聊到家了,乌兰察布
开封,"(2,)",uJT497877816,1,0.5,2019-01-02 20:51:42,超级恶心死了,开封
北京,"(2,)",罗罗,2,2.0,2019-01-02 20:51:30,"永恒的时间与短暂的烟花，缥缈的绿裙和俗气的红夹克，流泪吃下的苹果和旋转的房间，丢失的记忆在梦里寻回……你知道我这些深奥中略带忧伤的话在说什么吗？我也不知道，这就是这部电影，呵呵……穷山恶水长镜头，歌女流氓黑社会。
说它是营销的胜利，无法苟同。在抖音营销这样一部“艺术”的电影，连使劲儿的地方都选错了，就别怪后来的差口碑和被骂作骗子。
曾经在一个关于新导演的讲座上我说过“#毕赣# 的成功对国内新导演的成长恐怕不是好事”，现在看来，连对他本人的成长都不是好事。尤其当他被卷入了资本的游戏，多么无力一目了然。
最后，我欠李沧东一个道歉，比起『地球最后的夜晚』，『燃烧』太棒了！",北京
昆明,"(1,)",xiexiaoleicool,3,0.5,2019-01-02 20:51:04,垃圾电影，侮辱智商,昆明
济南,"('',)",朱司令,2,0.5,2019-01-02 20:50:52,差评 不值得期待,济南
巩义,"(2,)",mJr773453552,2,0.0,2019-01-02 20:50:42,电影表示看不懂，,巩义
枣庄,"('',)",董呆呆0145,1,0.5,2019-01-02 20:50:39,事实证明了穿的少睡着了确实容易感冒😳,枣庄
深圳,"(2,)",不文静的雯静,1,0.5,2019-01-02 20:49:57,垃圾中的垃圾,深圳
武汉,"(1,)",YC达人,4,1.5,2019-01-02 20:49:49,可能不是喜欢类型,武汉
北京,"('',)",Lqw237062186,2,0.5,2019-01-02 20:49:02,一般不影评，这部大片让我无力吐槽……,北京
新乡,"(1,)",嘻哈淘淘,2,0.5,2019-01-02 20:48:54,长镜头太多，剧情拖沓而又纷乱，看的让人厌恶，本来想着是个唯美文艺片，觉得对象会喜欢，结果是这么个不伦不类的，而且居然还自以为是的弄了半段儿3d电影？？？令人发指，做营销的心思和资金能用一半到拍电影上都不会弄出来个这，第一次评这么低的分不造该用什么姿势xue微慌张,新乡
滨州,"(2,)",瑄瑄酱,2,3.0,2019-01-02 20:48:53,对于导演强烈的个人风格，我是持中立的态度，不算喜欢也不算排斥，60分钟一镜到底和第一视角的慢摇镜头容易晕眩，影调过于暗淡，虽然有着梦境的疏离感，但是放在跨年夜看不太合适。毕竟蜂蜜虽然是甜的，但是大家抱着只愿意甜蜜的心并不愿意被蜜蜂蛰肿。,滨州
郴州,"('',)",A-  金至福 🌸贝贝,4,0.5,2019-01-02 20:48:48,我看电影从来不睡觉、和闺蜜去居然不好意思的睡着了，醒来实在受不鸟走了。这电影谁看的懂？还这么多人看。不知道什么原因！,郴州
桂平,"(1,)",JohnnyRL,3,1.0,2019-01-02 20:48:21,地球最困的夜晚,桂平
吉林,"('',)",KcG953418903,1,0.5,2019-01-02 20:48:08,太难看了恶心不想看第二部,吉林
龙口,"('',)",98,3,0.5,2019-01-02 20:47:46,一分都不想给,龙口
西安,"('',)",DEu302254998,2,0.5,2019-01-02 20:47:45,看不懂，很乱,西安
重庆,"(1,)",JUr714039574,2,5.0,2019-01-02 20:47:42,吹爆！看过不少长镜头，也有觉得很舒服的案例，但这次是我第一次觉得长镜头叙事可以如此美好。真的是行云流水，流畅到根本没有时间拿出手机。顶着感冒到影院看这个片子，值。,重庆
成都,"('',)",vip817695171,3,0.5,2019-01-02 20:47:42,骗子电影！！,成都
盘锦,"(1,)",只为欢乐~,3,0.5,2019-01-02 20:47:41,这是什么呀 ！！！,盘锦
无锡,"('',)",XBk920569609,2,0.5,2019-01-02 20:47:36,难受了天哪简直了,无锡
睢宁,"(2,)",Txy.,3,0.0,2019-01-02 20:47:32,全程玩手机的我,睢宁
西安,"(2,)",芥茉.,3,0.5,2019-01-02 20:47:15,"能不能给0星 朋友圈已经吐槽2遍！
严重怀疑导演骗钱 我真的是看不懂欣赏不来",西安
大连,"(2,)",紫魁梦雪,2,0.5,2019-01-02 20:47:04,庆幸自己买的不是零点,大连
昆明,"(1,)",NBG721946005,1,0.5,2019-01-02 20:46:24,好电影好电影,昆明
凯里,"(1,)",蓝汐164,1,5.0,2019-01-02 20:46:10,可能逻辑比较强，个人觉得这个电影还是挺感人的。整场电影留下了很多伏笔，可能不容易让人注意到。线索就像拼图一样，从零散的小块拼成大块，再从大块拼成一幅图，最后拼成的图还隔了一层纱。电影的感觉像是读散文，读懂了就很有味道。,凯里
张家港,"(2,)",有冠希没关系,4,1.0,2019-01-02 20:46:01,垃圾，骗钱。。。。。,张家港
深圳,"('',)",_qqn7m1433045360,2,0.5,2019-01-02 20:45:55,没看懂是什么东西,深圳
芜湖,"(2,)",W星星爱小心V,1,4.0,2019-01-02 20:45:30,大致看懂了，就觉得，其实还行啊……,芜湖
新郑,"(1,)",＿幼稚园、,2,1.0,2019-01-02 20:44:45,垃圾电影，差点睡过去,新郑
合肥,"('',)",Ubh155410109,3,1.5,2019-01-02 20:44:01,场景倒是都挺好看的就是看不懂，恋爱观也难以接受【允悲】,合肥
三河,"('',)",未曾羡,2,0.5,2019-01-02 20:43:56,呵呵，催眠的,三河
天津,"(1,)",Smile丶橘年,4,0.5,2019-01-02 20:43:40,听说不好看，辛亏我没去看！,天津
郑州,"('',)",阿绿87,1,3.0,2019-01-02 20:42:17,也没那么难看吧，但是真的很文艺，悬疑＋文艺，导演走的意识流大概23333吃苹果那段真的是全场高潮😂😂😂😂😂😂😂😂这个年夸的OK,郑州
南昌,"('',)",洛洛路路,2,2.5,2019-01-02 20:42:08,不知道是不是我高度不够，反正看不懂,南昌
长沙,"('',)",羅謙,1,2.0,2019-01-02 20:42:04,难看全程睡看不懂不浪漫,长沙
长沙,"('',)",拥暖i796,2,0.5,2019-01-02 20:41:15,2018终于过去了 这个最烂的夜晚,长沙
乐清,"('',)",Fhl1981424,2,1.0,2019-01-02 20:41:09,太烂的这个片子浪费我的时间和精力,乐清
天津,"('',)",HerkCui,2,0.5,2019-01-02 20:40:55,全场四川话，不知道演的是什么,天津
常宁市,"(1,)",大林林林林林丶,3,0.5,2019-01-02 20:40:48,凑合热闹！其实我没看过！！！,常宁市
昆山,"('',)",小小。书童,3,0.5,2019-01-02 20:40:44,拉西东东东哦,昆山
福州,"(2,)",Vanessa,3,5.0,2019-01-02 20:40:34,毕赣的电影 献给野鬼和风（尊重不同人的电影口味 希望容许有人喜欢这种杂乱和极致的浪漫 坦白讲 虽然非常不喜欢电影的营销手段 但那些说浪费跨年时间的人 已经2019年了 看电影之前难道没有基本的了解电影风格嘛）其实静下心来看 不至于夸张到什么都看不懂 电影本来就是私人感受 每个人都可以看到不同世界里的东西 ）,福州
重庆,"(2,)",CmonsterH,2,0.5,2019-01-02 20:39:56,难看超级难看,重庆
仁寿,"('',)",orsand,2,0.5,2019-01-02 20:39:47,这是我看过最难看的电影，无聊得不能再无聊，差差差,仁寿
南通,"('',)",tHF394315710,2,0.5,2019-01-02 20:39:37,low炸了  从来没有看电影提前离场的  以前就算再不好看都会留下来看完花絮   这部片怪我们欣赏不来～,南通
大连,"(1,)",Big fish,4,0.5,2019-01-02 20:39:25,无力吐槽！！,大连
深圳,"(2,)",野心家.……,1,0.5,2019-01-02 20:39:08,这电影获过奖？难看炸了！！十点半坚持到十一点我才离场的 害我在东门马路上打了快将近一小时的车..눈_눈,深圳
西安,"('',)",cfB883544218,3,0.5,2019-01-02 20:39:05,不得不说呢场电影结束之后我发现有四分之一的人都走了🤔,西安
沈阳,"('',)",Jdn110625771,1,3.0,2019-01-02 20:39:04,还好……嗯……,沈阳
合肥,"('',)",SwC839324996,2,1.0,2019-01-02 20:38:56,我只记住了苹果核能吃 乒乓球拍能飞起来,合肥
珠海,"(1,)",碎碎念嘛,3,3.5,2019-01-02 20:38:55,比起悬疑，我认为它更像是一部文艺片，导演对光影的把握和运用看得出来是下了功夫的，不过剧情来说让人觉得太多支离破碎，理解起来比较困难。,珠海
四平,"(1,)",Muf299317707,2,0.5,2019-01-02 20:38:42,无论是情节还是布景没有一点看头，如果导演就是想为自己表达内心想法，不要把它拍出来这样太坑人了，看的折磨,四平
新乡,"('',)",团饭.,2,4.0,2019-01-02 20:38:05,虽然看不懂，但是我喜欢电影的那种感觉。比较适合一个人静静地看，静静地体会，如果是情侣一起，还是不要看了，毕竟看不太懂,新乡
奉化,"('',)",kYP273126495,1,0.5,2019-01-02 20:37:17,垃圾电影  还好意思夸年放映   我也上很佩服导演   能拍出这么垃圾电影来,奉化
北海,"('',)",盛淮南11,2,0.5,2019-01-02 20:36:59,不好看呕呕呕,北海
南阳,"('',)",隔岸无灯火,2,5.0,2019-01-02 20:36:12,"鉴于很多人因为看不懂《地球最后的夜晚》而大骂它是部烂片，给还没去看过的朋友提点建议。
不要去管剧情如何，你只用跟着主角走下去，可以偶尔思考，但更多的时间还是要放在感受上。感受台词，感受音乐，感受场景，感受情绪，感受所有这些拼凑出来的氛围。
如果说电影后半段是男主的一场梦，那整部电影就是毕赣带给观众的一场梦。大量的自叙伴随着镜头转换，诗化的台词和沉郁的场景互相照应，非线性的时间和混乱的记忆共同勾勒出一场幻梦。忘掉逻辑或者合理性吧，毕竟梦是没有逻辑的，梦只会让人沉溺。
 最后碎嘴几句，如果觉得不好看，没问题，毕竟千人千面大家审美有差异。但别因此骂它烂片，这是很严重的指控，希望大家嘴下留情。",南阳
西宁,"('',)",不过如此,3,5.0,2019-01-02 20:35:30,好，真的很好看，泪目,西宁
咸阳,"('',)",百栗色,2,2.5,2019-01-02 20:34:57,可能是阅历不够或者说不太能欣赏的来这种文艺片，没看太懂，自己感觉挺混乱的，线索太多，想表达的意思好像不是那么清楚，嗯～但是演员的演技是真的好,咸阳
乌鲁木齐,"('',)",Deer,3,0.5,2019-01-02 20:34:52,什么鬼 无力吐槽 ,乌鲁木齐
张家港,"('',)",KLN725855207,2,0.5,2019-01-02 20:34:43,垃圾  第一次看电影没结束就走了,张家港
洛阳,"('',)",ipg432078399,2,0.5,2019-01-02 20:34:15,最无聊的电影，真垃圾,洛阳
无锡,"('',)",痞子简先生,1,4.0,2019-01-02 20:34:04,"个人认为还是一部不错的，刚刚看到有评论 他和那个女的怎么从悬崖上面下来的 。
平常电影 会给你看见 比如 飞机 降落伞之类的 也就是很容易看见的 本片这段（该段用3d眼睛观看）也就是第一视角 镜头的转动 感受到 从悬崖飞下 就这样飞下了 给我们自己想 。
该电影 回忆与现实交织 ， 刚刚看时也不懂 镜头很多 ，就像在讲一些无关的小故事 暗线确是将各个部分连在一起。
比如最后 男子看见的红头发女人 就是他母亲，以及跟着男人（养蜂人）走了。
所以 个人认为 还是可以的 毕竟一千个人 一千个哈姆雷特。
最后 还可以啦😄",无锡
日照,"('',)",娇猪猪丶,2,1.0,2019-01-02 20:33:50,太烂太烂太烂   想不出用别的词来形容,日照
哈尔滨,"(1,)",Faded1737,3,5.0,2019-01-02 20:33:40,真的很好看，强烈推荐！！！,哈尔滨
闽侯县,"(2,)",柠七的夏,2,4.5,2019-01-02 20:32:38,"泥石流不可怕，可怕的是活在回忆里，
地球上最后的夜晚是沉溺在自己回忆里不肯出来，矿道里出现的小男孩，拿着火把的疯女人，人在难过时会带着苹果核而吃下的一整个苹果，手表代表的永远，烟花代表的短暂，黄觉说出的夜太短暂，随着咒语而旋转起来的房子，落幕在烟花的燃烧，每一句台词和画面都不是空穴来风。汤唯回眸的美，黄觉的性感，小赵是觉得这部电影真的很不错。如果我是在跨年的时候跟女朋友一起看的这部电影，我会跟她讲，如果有一天你也不见了，我也会像男主一样跨越千山万水只为了寻找一场有你的梦。是多么执着又深情的故事啊。所以它的跨零点亲吻的营销似乎也没有什么错。",闽侯县
抚顺,"('',)",Prasiol,3,0.5,2019-01-02 20:32:14,后排一哥们带老婆孩子来看然后五分钟就走了说了一些话“我近视眼本来就看不清然后还说方言算了当我瞎了眼”,抚顺
遵义,"(1,)",一个人也要旅行！,2,0.5,2019-01-02 20:31:56,这是我看过的电影最难看的，没有之一！,遵义
苏州,"(1,)",wfl777158310,3,0.5,2019-01-02 20:31:53,全程要看睡着了,苏州
闽侯县,"('',)",鱼丶溺,2,0.5,2019-01-02 20:31:50,只有男主哭的时候最好笑,闽侯县
三河,"('',)",ezm936826536,1,0.0,2019-01-02 20:31:43,这个电影太烂了，我看这场就我一个人，有点不可思议，,三河
郑州,"('',)",千面娇哟,2,0.5,2019-01-02 20:31:25,我后面那一排看到一半都走完了,郑州
湖州,"('',)",我是随便吧,3,0.5,2019-01-02 20:31:11,真的垃圾～看什么都不知道  浪费我跨年时间,湖州
广州,"('',)",skkuang,2,5.0,2019-01-02 20:30:54,我只能说喜欢的人很喜欢，不喜欢的人觉得很无聊，主要还是看自己吧，想要强调的是，这并不是一个爱情片，并不推荐情侣去看，只适合一个人。,广州
珠海,"('',)",wawa晶,2,0.5,2019-01-02 20:30:43,浪費我20元買了2副3d眼鏡，看了20分鐘3d還沒出現，師傅啊，徒兒實在是堅持不住了，告退！,珠海
赣州,"('',)",Just you,3,0.5,2019-01-02 20:30:23,烂到至极，太掉胃口了,赣州
呼和浩特,"(1,)",LLL刘乐乐lll.,3,0.5,2019-01-02 20:30:01,烂烂烂，浪费了我的跨年,呼和浩特
杭州,"(1,)",于谦，老师,4,5.0,2019-01-02 20:29:54,非常完美！！,杭州
哈尔滨,"('',)",Qcy671841463,1,0.5,2019-01-02 20:29:28,实在看不下去了，太差了。,哈尔滨
芜湖,"(1,)",YANGZUNWEI,2,0.5,2019-01-02 20:28:22,很失望，中途跑了,芜湖
昆明,"('',)",愿得一人偏爱,2,0.5,2019-01-02 20:27:43,没什么说的啊,昆明
洛阳,"('',)",NSL349461624,2,0.5,2019-01-02 20:27:04,真的有点次…,洛阳
珠海,"(2,)",奇异果夏天,4,5.0,2019-01-02 20:26:40,直接睡着 真的很无聊,珠海
保定,"('',)",aRj323447448,3,2.0,2019-01-02 20:26:05,吃个苹果10分钟，上个楼梯6分钟，我给你叫个外卖是不是都能拍《地球最后的外卖》了？？？,保定
呼伦贝尔,"(1,)",斯楞,2,0.5,2019-01-02 20:25:29,宣传的文艺浪漫，片子拍的那么灰色，犹如老先生在读课文，有几个能接受的了这种文艺片？说的恶毒点，在媒体上，算事虚假宣传了，骗的票房,呼伦贝尔
仙游县,"(2,)",You.and.l,1,0.5,2019-01-02 20:25:21,看了二十分钟不到  看不下去了看困了  才十一点半 前任就困得想回家…老子就是为了和她跨年顺便求复合？什么狗电影？就那老太婆舞跳的挺刺激其他我真的tui！,仙游县
昌吉,"('',)",VTi691670429,1,0.5,2019-01-02 20:24:54,苹果真好吃，索道真好玩，剧情正常，真好,昌吉
天津,"('',)",kcX523459296,2,0.5,2019-01-02 20:24:39,看完电影王者荣耀晋级了,天津
呼和浩特,"('',)",nrC151690040,2,0.5,2019-01-02 20:24:14,从未看过甚至都想象过还能有和它一样烂的电影，电影和电影名字有万分之一相关的地方吗？房子转啊转？然后地球就没夜晚了？还有你看个黄色电影能一个人迷路？从到矿洞里 ？然后人家骑车送你还得坐缆车下去？你咋走的？孙悟空？,呼和浩特
东莞,"(1,)",WAY2mtuan,2,5.0,2019-01-02 20:24:11,"巨神奇的一部片子
關於人性、現實的世界
能看懂的人不多
相對於快餐片顯得十分冗長 卻是難得的佳作
期待這部片子拿大滿貫",东莞
石家庄,"(2,)",禁海394.,2,0.5,2019-01-02 20:24:10,我真是不知道如何评价这部电影了  对不起太文艺了全片我都没看懂  恕我无法好评,石家庄
淄博,"(1,)",lee。李。,1,0.5,2019-01-02 20:23:42,真的好无聊(~_~;),淄博
青岛,"(1,)",dq199288,3,1.0,2019-01-02 20:23:23,这个电影我没看，还买的杜比音效巨幕厅，一百多一张。买了两张是为了和女朋友跨年看，因为我们回家了，我就把电影票送了个朋友，赚个人情呗。没看之前她说无功不受禄，要请我吃个饭，她看完电影以后也没再提请我吃饭的事。。。。。你赔你的饭！！！,青岛
常州,"('',)",进击的雅尔达,2,0.5,2019-01-02 20:22:56,我就不多说了,常州
长沙,"('',)",SXl385872919,4,0.5,2019-01-02 20:22:55,退票吧..哈啊哈哈哈,长沙
吴江,"('',)",喂自己一块肉,2,0.5,2019-01-02 20:22:54,汤唯女神 电影云里雾里的,吴江
合肥,"('',)",不及物动词.,2,2.5,2019-01-03 21:06:46,5分全给的汤唯,合肥
苏州,"('',)",KHd861556628,1,1.0,2019-01-03 21:04:16,没有头没有尾,苏州
昆明,"(1,)",你以为我是猪吗,4,0.5,2019-01-03 21:02:26,深度好片，原谅我理解能力有限,昆明
哈尔滨,"(2,)",coastline.822,2,0.5,2019-01-03 21:02:21,太次了。,哈尔滨
台州,"(1,)",osT386839056,2,3.5,2019-01-03 21:01:47,电影需要多看几遍才能懂，可以看出导演是想表达一些东西，也能给我带来一些思考，导演上一部《路边野餐》也是同种类型的电影。可奈何用了商业片的宣传手段，导致观众对于电影的定位产生了错位以至于出现2.6的评分，其实可以理解。情感与切镜还是很到位的，对我来说算是一部好片，只是我也没有看懂，所以等网上有资源后再自己多看几遍。不适合作为贺岁档排在最热的时间段，毕竟众口难调，而且能静下心来看文艺片的群体少之又少。,台州
上海,"('',)",aKf897271297,3,1.0,2019-01-03 21:00:20,千万别看，相信我,上海
长沙,"(1,)",Tangbaoshan,1,0.5,2019-01-03 20:59:27,垃圾，不值，全场不晓得看什么,长沙
武汉,"(1,)",阿宇723,2,0.5,2019-01-03 20:59:27,超烂剧情   想睡觉,武汉
沈阳,"(2,)",夏天,2,0.5,2019-01-03 20:59:22,看到一半，就出来了，实在是看不懂？？？,沈阳
湛江,"(1,)",fzD194830693,2,5.0,2019-01-03 20:58:20,表示看不懂在讲什么,湛江
西安,"(1,)",玩世不恭,4,0.5,2019-01-03 20:58:11,真的是浪费钱,西安
上海,"(1,)",Sinuit.CR,5,4.0,2019-01-03 20:55:44,时空错乱的夜晚  父亲与母亲的爱情故事  对失去的母爱  献上美梦,上海
徐州,"('',)",嘎子哥？,2,1.0,2019-01-03 20:53:01,真的垃圾电影,徐州
重庆,"(2,)",kAd283688449,3,5.0,2019-01-03 20:51:40,非常好看的电影，不懂为什么评分会这么低,重庆
淄博,"(2,)",你是谁9212,3,0.5,2019-01-03 20:50:44,差评！！！很烂,淄博
江门,"(1,)",MWX963560986,3,0.5,2019-01-03 20:50:17,超烂！！！！！非常非常非常非常非常不好看！浪费钱,江门
枣庄,"('',)",dGe297520309,2,1.0,2019-01-03 20:49:32,烂片。烂的一批,枣庄
广州,"(1,)",刀刀chill,4,5.0,2019-01-03 20:49:09,还想二刷，谁不想去看的把票给我吧,广州
牡丹江,"('',)",HaN240427022,2,0.5,2019-01-03 20:48:48,这个电影，简直…无法形容…是我2018年看过最失望的电影,牡丹江
成都,"('',)",累639,2,0.0,2019-01-03 20:47:32,这是我有史以来看过最差最差最差的电影，一星都不想给，今天不到20分钟就出来了，看都看不下去，浪费我的钱💰！,成都
永州,"(2,)",莎莎,3,0.5,2019-01-03 20:46:18,看了半个小时不知道在看什么就离场了，这可能是我看过的唯一一个写评论的电影,永州
任丘,"('',)",嗯7535,2,2.0,2019-01-03 20:45:46,没有字幕，又听不懂讲的什么，没意思,任丘
武汉,"('',)",Honour,3,0.5,2019-01-03 20:45:40,电影全程都是尿点和睡点～奇怪的是，我全程没睡～,武汉
长沙,"(2,)",余尘yr,3,0.5,2019-01-03 20:45:39,看完这部电影，带给我的最深的感触就是...迷茫且不知所云。,长沙
青岛,"('',)",MYX563645406,2,4.5,2019-01-03 20:44:03,我和朋友觉得还不错…剧情什么的是可以连接起来的，可能是因为大家对电影的定位不同导致槽点太多吧…营销噱头就很有问题…总之OK的！,青岛
中山,"(2,)",Rina436,3,1.5,2019-01-03 20:43:09,"#论鸡贼的坏处
以一个文艺片的角度，确实没必要评判其逻辑性。但文艺片你就把握好属于你的那份市场，别瞎往什么爱情片上宣传。更何况，“文艺”、“情怀”，也绝不是烂片的遮羞布，难掩其空洞本质。说白了，你一个文艺片，打着爱情片的旗号，吸引了一大批本不属于你的观众，你以为轻轻松松就吸引了大批市场，但在网络通讯高度发达的时代，谁也不是傻子，口口相传的“烂片别看”足矣把本该属于你的那部分市场给抵挡掉。得不偿失。",中山
北京,"('',)",痴碗,2,1.0,2019-01-03 20:43:07,超烂的哦！！,北京
天津,"('',)",ydU270440570,3,1.0,2019-01-03 20:42:27,垃圾中的战斗鸡,天津
庆阳,"('',)",GeF647898311,2,3.0,2019-01-03 20:41:51,一般般吧，没看懂,庆阳
长沙,"('',)",wangdake,3,3.0,2019-01-03 20:40:29,我其实还没有打过这样的分，也从没看过如此迷离的电影，也许是我的审美还达不到导演的期望，也许只是这个电影不食人间烟火，让我们所有人都蒙在鼓里，突然电影院的灯亮了，突然回到了人间却还在迷离，这是一部漫长的电影，肆无忌惮。内涵也许在深处，只是世人太浅薄。希望文艺片的导演能考虑一下人类的底线。,长沙
许昌,"('',)",Qok66638587,2,5.0,2019-01-03 20:40:18,非常棒，登峰造极,许昌
合肥,"('',)",zyjhmxsz,3,1.0,2019-01-03 20:38:30,厉害啊厉害啊,合肥
铜仁,"('',)",int630591649,3,0.5,2019-01-03 20:38:25,唉，一个苹果拍了三分钟，看得我又困又饿…,铜仁
临海,"('',)",kKy509123237,2,1.0,2019-01-03 20:38:24,"太难看了
太难看你了",临海
滕州,"('',)",xinxin5211948,2,0.5,2019-01-03 20:38:01,什么玩意 难看 没点意思 超级无聊 想睡觉的感觉！,滕州
上海,"(2,)",大魔王俊,3,0.5,2019-01-03 20:37:20,看的都**的睡着了，梦里面还可以被吵醒,上海
杭州,"(2,)",N南亭,2,2.0,2019-01-03 20:36:46,全程看不懂，可能是有深意，但是真的无感,杭州
石家庄,"('',)",lk346118776,4,0.5,2019-01-03 20:36:30,超级烂，看过的最烂的电影没有之一,石家庄
哈尔滨,"('',)",fYF626961273,3,0.5,2019-01-03 20:36:26,也就值一分 😤,哈尔滨
永康,"('',)",Njq640852382,2,0.5,2019-01-03 20:36:25,哎，扎心的，可以说真的很难看,永康
天津,"('',)",A小杜哥,2,0.5,2019-01-03 20:35:41,真好看！！！！,天津
西宁,"(2,)",哈迪麻麻,3,0.5,2019-01-03 20:34:47,超级无敌难看,西宁
哈尔滨,"('',)",Bane👀,3,5.0,2019-01-03 20:34:26,我很喜欢毕导这部电影的节奏和风格，也很可惜太少人能明白这部片的含义和发现影片里的许多极致的细节（因为我这一次是二刷，专门来找细节的）给个十分！希望更多人能进影院看看这部片，而不是单纯因为泛滥的差评少花这笔钱。,哈尔滨
咸宁,"('',)",zte993440084,2,0.5,2019-01-03 20:33:04,太好看了啊啊啊,咸宁
齐齐哈尔,"('',)",rTs207690106,2,0.5,2019-01-03 20:32:34,真想给个0分，去除长镜头没用的剧情，故事情节40分钟估计都顶天了。跟标题毫无关系的故事线，边玩手机边看电影丝毫没有落下什么内容。垃圾！,齐齐哈尔
本溪,"(2,)",鹿阿凡_,2,4.0,2019-01-03 20:32:28,比较文艺的电影 需要仔细思考,本溪
绵竹,"('',)",aVJ482717720,1,2.0,2019-01-03 20:31:47,有点跑题感觉,绵竹
徐州,"(2,)",安之之之之之,4,2.0,2019-01-03 20:31:07,恕我无能，第一次度过一个昏昏欲睡的跨年，感觉不赖🙃,徐州
长沙,"(1,)",雲666,2,5.0,2019-01-03 20:30:56,真的牛逼的电影，看了一些影评才看懂的电影。,长沙
哈尔滨,"('',)",Vor272331343,1,0.5,2019-01-03 20:29:59,难看，，，，，,哈尔滨
保定,"(1,)",Chen Long,1,0.5,2019-01-03 20:29:57,浪费一百多块钱，看得稀里糊涂，名不副实，靠忽悠把观众骗来。,保定
长春,"('',)",Wma499259105,2,0.0,2019-01-03 20:29:56,我有点好奇都有哪些烂点,长春
贵阳,"('',)",喵w喵,2,4.0,2019-01-03 20:28:58,"个人感受还是很喜欢这部电影   得到了一种特别的体验   好像自己不敢做的梦实现了满足了  

看到男主问妈妈为什么选择这个男的  她说因为太苦了 他那里有糖   又问你为什么帮我   男主说因为想从你那拿走最珍贵的东西   哭了心中某一处得到了治愈  

 说不定再看几遍我可以又放下过去一点   
真的不想长大  虽然觉得自己做得还不错",贵阳
长清区,"('',)",bgJ308016395,1,0.5,2019-01-03 20:28:18,太难看了没法说,长清区
合肥,"('',)",鱼居细水情长流,2,0.5,2019-01-03 20:28:03,宣传太过火，不配跨年的时候。电影本身有可取之处,合肥
天津,"(1,)",照宣,2,5.0,2019-01-03 20:27:04,十几年前，白猫死后，罗纮武拿到了一把枪，并且认识了杀死白猫的左宏元的情人万绮雯，罗纮武觉得万绮雯妆花了的样子像照片里母亲的样子，并爱上了万绮雯。最后两人偷情被发现，万绮雯让罗纮武在电影院杀了左宏元，罗纮武这么做了，然后万绮雯消失了，罗纮武去了朋友的赌场。直到十几年后他得到父亲死讯，回家后在挂钟里看到了那张母亲的照片，母亲的脸部被烧了洞，背面有一个人的电话号码和名字，罗纮武照着这个线索一直找下去，终于得知万绮雯的下落，在一家夜店驻唱，并得知当天是最后一次演出，因为距离演出还有一段时间，罗纮武在电影院里睡着了。在梦里，他遇见了所有想要遇见的，并且把事情引导到最完美的结局，最后罗纮武当着梦里万绮雯的,天津
肇庆,"('',)",CALVIN雨航,2,0.5,2019-01-03 20:26:39,不想给分的。。。哎,肇庆
郴州,"('',)",PmA433116332,2,0.5,2019-01-03 20:26:04,没看过这么难看的,郴州
阳城,"('',)",rTX676034424,1,0.5,2019-01-03 20:25:23,太垃圾了，骗大家的钱,阳城
铁岭,"('',)",郭艾伦的女朋友。,2,3.0,2019-01-03 20:25:14,很好很好很好,铁岭
成都,"(2,)",浅夏浅尘,3,0.5,2019-01-03 20:23:55,唯一一部看到睡觉的电影。,成都
灌云,"('',)",酒香巷深丶与猫伴,2,0.5,2019-01-03 20:23:47,超级发动机看到的,灌云
大冶,"('',)",長情1,2,0.5,2019-01-03 20:23:06,我是谁，我在哪，我旁边怎么有人打呼噜？,大冶
上海,"(1,)",Roulois,4,4.0,2019-01-03 20:22:53,比《路边野餐》完成度更高,上海
北京,"('',)",无声无息324,2,1.0,2019-01-03 20:22:49,不好看没有意思,北京
东营,"(1,)",Manu.S,4,5.0,2019-01-03 20:22:27,优秀的文艺片，只是我没看完，毕赣的长镜头太牛逼,东营
西安,"('',)",如此，安好…,2,0.5,2019-01-03 20:22:09,没有太难看，只有最难看，没有之一,西安
广州,"('',)",阿芮牛逼,2,0.5,2019-01-03 20:22:00,太无聊了真的，差点睡着，全程懵逼，都不知道在讲什么...啧啧啧,广州
长沙,"('',)",六英尺先生,1,0.5,2019-01-03 20:21:59,看过烂电影，没看过这么烂的电影。,长沙
沈阳,"(1,)",过妻丶,2,0.5,2019-01-03 20:21:47,地球最大的烂片？,沈阳
漯河,"('',)",我以为756,2,0.5,2019-01-03 20:21:29,一分都不想给😞,漯河
上海,"(1,)",穿越中的人,2,4.5,2019-01-03 20:21:23,挺好看的，故事跌宕起伏，扣人心弦,上海
福州,"(2,)",玉树婷风17,2,4.0,2019-01-03 20:21:02,很文艺，很花脑思考，难得的影片。喜欢看商业片的不推荐去看,福州
哈尔滨,"('',)",乐,6,5.0,2019-01-03 20:20:37,交错在梦与回忆中,哈尔滨
郑州,"('',)",ZMz670529963,2,0.5,2019-01-03 20:20:14,无语，全程看不下去。,郑州
平遥,"(2,)",JDX843602876,2,1.0,2019-01-03 20:20:13,不好看，一点儿也不好看,平遥
重庆,"('',)",璿小K,3,5.0,2019-01-03 20:18:34,好的艺术作品不在乎情节，在于细节…总能带给你一些挥之不去的情绪…,重庆
许昌,"(1,)",努力努力再努力,2,0.5,2019-01-03 20:17:16,难看死了，什么片,许昌
南宁,"(1,)",十九,3,3.0,2019-01-03 20:16:55,影院天花板的壁纸上有16片白色花纹图案🌚 ,南宁
潍坊,"('',)",mvh580140323,3,0.0,2019-01-03 20:16:09,有史以来最难看的电影！演了些屁！000,潍坊
兰州,"('',)",Jba150968105,2,0.5,2019-01-03 20:15:34,真的是啥都看不懂的一个垃圾,兰州
营口,"('',)",胖儿.～,2,0.5,2019-01-03 20:15:06,这哪是地球最后的夜晚，这是2018年最懵逼的夜晚,营口
日照,"(1,)",边五：,2,0.5,2019-01-03 20:14:41,一分都是给多了,日照
西安,"('',)",逛吃逛吃九九,1,3.5,2019-01-03 20:14:20,营销和自身电影的不匹配大概就是此次的失败了吧，片子是好片子，但是从一开始的走向就错了，大家抱着一种追求浪漫或者特殊意义的感情在跨年夜来电影院不是为了动脑子的啊…,西安
瑞安,"('',)",羊羊羊yll,3,1.0,2019-01-03 20:13:23,实在不好看啊,瑞安
昆明,"(2,)",有个可爱底迪,1,3.0,2019-01-03 20:13:20,没看出个所以然来，难道我的审美已经完完全全低于平均水平了？忧虑……,昆明
成都,"(2,)",清风配酒560,1,1.0,2019-01-03 20:13:15,简直太难看了,成都
启东,"('',)",五律小哥哥,2,0.5,2019-01-03 20:12:47,真**的难看啊  剧情拖沓  各种不明意义的长镜头是文艺片的新定义嘛？说方言台词都那么书面话听的我难受  为了汤唯去看  结果看了个啥  68块钱我扔水里面都有声响  就当给汤唯了吧,启东
成都,"('',)",Iqu276830516,3,2.5,2019-01-03 20:11:38,故事将就 导演水平不好,成都
金华,"('',)",_qqc3k1407927696,3,5.0,2019-01-03 20:11:35,电影院三个人，好看,金华
深圳,"('',)",老虎哥啊丶,3,2.5,2019-01-03 20:11:26,是我智商问题吗，看不懂,深圳
海口,"('',)",eJR967651287,3,0.0,2019-01-03 20:11:25,tmgb垃圾片。,海口
昆明,"('',)",bPJ274426419,4,0.5,2019-01-03 20:09:12,这部电影就是导演在做梦，看的人爱猜到猜不到。导演的艺术是什么，你要先“懂我”，你才能看出我的艺术。所以要看懂这部电影，你要先探讨生物学，明白了导演的属性划分，才能对得起自己的电影票钱。,昆明
密山,"(1,)",a（王瀚）,2,0.5,2019-01-03 20:09:04,谁能想到真的烂,密山
金华,"('',)",玛士如姆啊,3,5.0,2019-01-03 20:08:34,优秀的艺术电影,金华
贵港,"('',)",uXs76757990,3,0.5,2019-01-03 20:06:46,超级烂片，大家别看了,贵港
五常市,"(2,)",梅1718,2,0.5,2019-01-03 20:05:42,太难看了啊啊啊,五常市
石家庄,"('',)",aLn197805546,1,4.0,2019-01-03 20:04:30,太好看了这个电影，好看的让我直接睡了两个小时，希望导演可以多拍一些这种电影，好看的实在是没啥说的，我建议大家千万别去看,石家庄
北京,"(2,)",🎈,4,3.5,2019-01-03 20:02:10,一场梦境，一段虚无缥缈的爱情，梦总是美的，爱情也是。,北京
张家港,"('',)",雪冰冻不了海,2,1.5,2019-01-03 20:00:39,文艺过头了～,张家港
常州,"(2,)",麋路哇,1,1.0,2019-01-03 20:00:33,唯一一部一个小时半场人的走的电影,常州
北京,"(1,)",丁丁69105,3,0.5,2019-01-03 20:00:23,什么玩意，打这跨年的旗号，招摇撞骗。,北京
苏州,"(1,)",BLa337942742,2,1.0,2019-01-03 20:00:07,还行还行还行,苏州
运城,"(1,)",伊人服饰,2,0.5,2019-01-03 19:59:23,一点不好看，很失望,运城
梁山,"(2,)",梨子,3,5.0,2019-01-03 19:58:20,"太牛批了这个电影🐂批
我的天
看着看着打瞌睡，摸不着北
看喜羊羊🐑也比这个有趣啊，整天吃苹果吃苹果
看着就脑壳疼
",梁山
泰州,"(1,)",3分幻想,2,0.5,2019-01-03 19:58:20,看过最差的电影，没有之一,泰州
福州,"(1,)",g897499814,4,0.5,2019-01-03 19:58:01,听说是部烂片。根本没去看。,福州
眉山,"('',)",bTp683791567,2,0.0,2019-01-03 19:57:56,难看死了。没看完就走了,眉山
银川,"(2,)",柠檬6641,2,0.5,2019-01-03 19:57:04,大概是我不文艺吧 看不懂 全程想睡觉 是电影票的钱在支撑着我不睡着🙂又不让退票，只想爆粗口🙄️还我63块钱！,银川
厦门,"('',)",陈浩天、,1,0.5,2019-01-03 19:56:23,看不懂该电影剧情...,厦门
天津,"('',)",zzj夜深独自醉,2,1.0,2019-01-03 19:56:04,很差劲，跟看监控一样,天津
无锡,"(2,)",乖猫__Miya,2,0.5,2019-01-03 19:55:16,简直连那半分都不愿意给，烂到无法用语言形容！,无锡
长沙,"(1,)",孙成753,2,0.5,2019-01-03 19:54:37,只能说看这个电影用来睡觉很不错,长沙
娄底,"('',)",ICh767785659,2,2.5,2019-01-03 19:54:00,一般，看不太懂,娄底
达州,"('',)",焦皮香蕉,3,0.5,2019-01-03 19:53:37,什么电影？？太垃圾 女主确实很漂亮,达州
深圳,"('',)",玺梓陌。,3,0.5,2019-01-03 19:53:04,超级超级烂，有史以来看过最烂的电影,深圳
大连,"('',)",啧就这样,2,4.0,2019-01-03 19:52:02,很难看懂，但是如果懂了就是很棒的，导演并没有想讲故事，他试图带你深入灵魂，去感受真实的自己,大连
乌鲁木齐,"(2,)",GNU419528999,2,5.0,2019-01-03 19:51:59,不在内容与视觉而在细节与手法！！！,乌鲁木齐
海口,"('',)",DLp905347984,2,0.5,2019-01-03 19:51:32,这片在2018的最后一晚播出，是去损人的心情吗？而且明确规定这部电影不准退票，是猜到了很多人想退票吧，为了挣票房，太水了太水了太菜了太菜了。,海口
杭州,"('',)",不知道叫切莫名字,3,0.5,2019-01-03 19:51:26,男朋友睡着了，然后我很尴尬地和他吵架，他说是电影催眠，最后谈崩了分手了。,杭州
眉山,"(1,)",dcY417481935,3,0.5,2019-01-03 19:51:24,果然差，生平第一部看一半离场的电影,眉山
西安,"('',)",锦云、,2,0.5,2019-01-03 19:50:48,电影不错，气氛烘托的很到位，催眠效果很好，大家都静静地呆着，没有说话，散场后纷纷表示几年的失眠症治好了，还会来第二次。,西安
贺兰县,"('',)",xCi636413249,1,0.5,2019-01-03 19:50:29,腊鸡电影真的,贺兰县
上海,"('',)",斯坦利,3,5.0,2019-01-03 19:50:00,多给2分来平衡那些过于冲动和极端的1分差评,上海
舟山,"(1,)",徐阿。,2,0.5,2019-01-03 19:49:54,这是我看过第一个吃苹果能吃5分钟的电影，还有那个缆绳，就怕快了一点点男主角掉下山脚去了，还玩穿越，打乒乓球那小子可以培养培养，我觉得这个1分是给那小子的，那一句呦呵，可以！,舟山
枣庄,"(1,)",手写的从前。149,2,0.5,2019-01-03 19:48:45,满怀期待的看，光排队排了半天，满座的场演了一半人快没了……好不容易坚持看到最后吧，结束时间还不是12点整。真的辣鸡……谁看谁后悔！,枣庄
潍坊,"(1,)",修改昵称,2,0.5,2019-01-03 19:48:45,真的烂烂的，毫无特点一点吸引力都没有。看这么多电影第一次中途离场,潍坊
邯郸,"(1,)",散伙GoodBye,2,0.0,2019-01-03 19:48:27,太牛逼了 推荐失眠患者 去看 不睡不走算我输,邯郸
玉林,"(2,)",xin.baby💕,3,0.5,2019-01-03 19:47:39,超级超级难看,玉林
苏州,"('',)",人間甜寵,2,4.5,2019-01-03 19:46:23,是比较小众的电影了，营销确实非常成功，虽然没有能完全理解透彻但是还挺喜欢这种感觉的(´ڡ`),苏州
南阳,"('',)",方长c,2,2.0,2019-01-03 19:45:48,地球最困的夜晚,南阳
昆明,"('',)",rqc293587445,1,0.5,2019-01-03 19:45:10,这是我看过有史以来最难看的一部电影了，只想说看了两个小时也没看这部电影说的啥,昆明
孝感,"(1,)",陈冠希,4,0.0,2019-01-03 19:45:03,太差了，看过最烂的片，没看完就出去了，要求退票,孝感
临沂,"('',)",QUV674427569,2,0.5,2019-01-03 19:44:46,三个很睡了两个半，整整睡了一年，这是我第一个没看完就走了的电影，治好了我朋友多年的失眠,临沂
滦县,"('',)",FLs498196944,1,0.5,2019-01-03 19:44:09,这是我看过有史以来最无聊的电影。被名字骗了九十块钱。,滦县
上海,"('',)",uet929632394,2,0.5,2019-01-03 19:44:06,其实没有0.5分,上海
北京,"('',)",cksnbb,4,1.0,2019-01-03 19:42:53,垃圾电影，毁我青春,北京
日照,"('',)",bMU253913378,2,0.5,2019-01-03 19:42:52,只能说超级烂,日照
威海,"(1,)",qTZ881605228,1,0.5,2019-01-03 19:40:38,这是我看过最烂的电影,威海
沈阳,"('',)",FX4100,2,0.5,2019-01-03 19:40:34,一分都不想给   看分类以为是悬疑类的    没想到是这个样子,沈阳
满洲里,"(1,)",👍never give up👍,2,0.5,2019-01-03 19:39:21,请不要侮辱文艺片,满洲里
济南,"(2,)",neva7777777,1,5.0,2019-01-03 19:39:05,送人了，所以……,济南
隆回,"('',)",glA812606230,1,0.5,2019-01-03 19:38:36,还不让退票 辣鸡电影 👿👿,隆回
泊头市,"('',)",朽年：,2,0.5,2019-01-03 19:38:28,呵呵了   什么玩意啊,泊头市
江阴,"(1,)",爱拍仙界555,2,0.5,2019-01-03 19:37:56,超级烂片！！,江阴
昆明,"('',)",AFb982547369,3,0.5,2019-01-03 19:37:20,"看完能够get到细节但是总体不知所云的电影。
宣传的欺骗是我给低分的主要原因。
部分“高雅”的所谓文青，嘲笑他人不配看这部电影或者认为别人看不懂就是智商有问题的电影粉丝，是我恶心这部电影的次要原因。",昆明
西宁,"('',)",rUz271618951,2,0.5,2019-01-03 19:36:59,懵逼懵逼懵逼,西宁
合肥,"(2,)",F43127,2,5.0,2019-01-03 19:36:08,整片电影看下来全程不知道说啥  可能我不够文艺,合肥
东莞,"('',)",rqR404970670,2,0.5,2019-01-03 19:35:36,一分都不想给,东莞
广州,"(1,)",Bruce_Wayne,4,0.5,2019-01-03 19:35:30,烂到家了，幸好没去看！,广州
漳州,"(1,)",A     【动。丽美业】阿俊,4,0.5,2019-01-04 21:06:19,一年看了40场电影 这个是最垃圾的 看了看几分钟就睡着了，睡醒就回家了,漳州
郑州,"('',)",PyI402999582,1,5.0,2019-01-04 21:01:03,这是一部要二三四五六刷才能懂的超现实片,郑州
绵阳,"('',)",mAY516528638,2,1.0,2019-01-04 20:58:48,简直不想说了……,绵阳
日照,"('',)",meet you私服利华店装修中,4,0.5,2019-01-04 20:54:40,差评 简直了 ,日照
永康,"(2,)",小欢,4,0.5,2019-01-04 20:53:49,从来没有看过比这还难看的电影....,永康
武汉,"(1,)",Sunny,2,0.5,2019-01-04 20:51:33,从来没看过这烂的电影,武汉
西宁,"(1,)",qid911204885,3,0.5,2019-01-04 20:45:34,垃圾电影。浪费钱,西宁
咸阳,"(2,)",duan029,3,1.5,2019-01-04 20:44:24,31号晚上看的  真的没看懂啥意思  看到大家对影片评价  才知道不是个人感觉没懂   真的只是影片名字吸引了我   内容或许真的是我get不到全部的点   这或许是我近几年跨年夜看的最不满意的影片了  回家可以洗洗睡了,咸阳
广州,"(2,)",Krystal_T,3,0.5,2019-01-04 20:36:09,全程画面黑暗…镜头、时间线跳得快而凌乱…终于明白点解个个叫退票了…睇唔出边度3d…浪费买眼镜的钱(`­‹´)⁼³,广州
深圳,"('',)",🖤,2,0.5,2019-01-04 20:33:03,椅子挺舒服😌,深圳
兰州,"('',)",EQC934699880,2,0.5,2019-01-04 20:29:07,垃圾电影，强忍着做到结束。,兰州
荆门,"(1,)",御坂美琴,5,0.5,2019-01-04 20:25:32,讲道理，没见过这么无聊的片,荆门
赣州,"('',)",Y,2,0.5,2019-01-04 20:22:15,看的想睡觉 看过最烂的电影,赣州
北京,"(1,)",龙腾四海,2,4.5,2019-01-04 20:20:33,很不错的一部电影。,北京
昆明,"(2,)",🍪,2,1.5,2019-01-04 20:11:48,看不懂很难过,昆明
北京,"(2,)",倩姐_,2,0.5,2019-01-04 20:11:01,简直不知道演的什么鬼 害我拉着未来婆婆大晚上不睡觉去看,北京
湘潭,"(2,)",予锥_,3,0.5,2019-01-04 20:08:43,一分都不想给,湘潭
哈尔滨,"('',)",离殇fall,2,0.5,2019-01-04 20:05:46,一星都不想给,哈尔滨
宁德,"('',)",HZB645757059,2,0.5,2019-01-04 20:05:32,垃圾！假文艺！,宁德
乌鲁木齐,"('',)",Gy2015cmb,3,1.0,2019-01-04 20:03:40,超级烂！我还买了九张！真想要求退钱！,乌鲁木齐
金华,"(2,)",💖 銭qian 🌟,2,1.0,2019-01-04 20:03:31,看了这么多年电影，这部是最厉害了，没有其一。看一个小时基本是听两个人聊天。还是回家躲被窝暖和,金华
成都,"(2,)",Everything will pass,2,0.5,2019-01-04 20:02:51,"本来不想吐槽的，但是我觉得好像没有哪部电影比这更难看了！看到一半很多人都离场了。对这电影还抱有一丝希望 看到最后才走，结果令我失望！
贼难看了！！！",成都
长沙,"('',)",cux157841515,3,0.5,2019-01-04 20:00:23,垃圾垃圾垃圾垃圾,长沙
北京,"(1,)",尔冬马尧,2,0.5,2019-01-04 19:59:35,垃圾，只是一个噱头的电影，压抑的跨年了……,北京
潮州,"('',)",澜～～梓,3,0.5,2019-01-04 19:59:22,年度最差的片子没有 不知道讲的什么鬼 看着很多人看到一半都走了 ,潮州
上海,"(2,)",OvZ847639376,2,3.0,2019-01-04 19:57:09,有点怀疑人生了,上海
西安,"(2,)",嗝嗝zhi.🐷,2,0.5,2019-01-04 19:52:55,呕 我对象都不忍心亲我,西安
泰州,"('',)",爱吃萝卜和青菜Z,2,0.5,2019-01-04 19:50:54,据说很垃圾？,泰州
宁波,"('',)",立立＇🐶👄👑,2,0.5,2019-01-04 19:46:47,还有2.1分的电影,宁波
抚顺,"('',)",翘楚宝宝,2,5.0,2019-01-04 19:34:48,第一次看毕赣的电影 在这个短视频风行的年代 静下心来看看长镜头也是一种享受 最开始看的时候会有一点茫然 慢慢看下去会明白那种感觉 一丝孤寂 一丝落寞 一丝不甘 回想起来还带着一丝苦涩 看完很久 脑海里还留着那个绿色的长裙的女人 很不错的电影,抚顺
广州,"(2,)",芃芃🦄,3,5.0,2019-01-04 19:31:13,"用心的人一定看得懂～
导演想说的，或许就是一个男人穷尽一生追寻一个女人却爱而不得，一无所有，最后只能在梦境里和爱人一起共同完成了那个能让房子旋转起来的传说。世界继续运转，生命周而复始，种种遗憾都化为珍贵的回忆。",广州
天津,"(2,)",秦易木,2,5.0,2019-01-04 19:30:32,真是不忍它被骂得这么惨,天津
南京,"(1,)",Amber,3,5.0,2019-01-04 19:28:59,毕赣的电影真的很具有“游戏体验”，在不断的摸索与凑齐碎片，从而拼出这份浪漫的影像。最后一分钟的灿烂是漫长和回味。,南京
上海,"(1,)",a497,3,0.5,2019-01-04 19:28:26,我花钱来看你吃苹果的 铁纸,上海
深圳,"(2,)",YJ,2,1.0,2019-01-04 19:26:06,可能不是很明白。所以看了以后有点懵逼。全程的贵州话，听的我满心欢喜,深圳
广州,"(2,)",小唯,2,0.5,2019-01-04 19:24:24,这是什么鬼 太失望了,广州
齐齐哈尔,"(1,)",Crayon蜡笔小新,2,3.5,2019-01-04 19:22:41,看不懂的文艺片，好厉害的样子,齐齐哈尔
广州,"(1,)",Z,2,5.0,2019-01-04 19:17:34,令我入神，忘我，电影院只有我一个人，看着看着，我只是有共鸣罢了，感谢闭赣导演，谢谢。,广州
深圳,"(1,)",szspwang,3,0.5,2019-01-04 19:17:26,还说什么呢，睡着了....,深圳
包头,"(1,)",旧人,2,0.5,2019-01-04 19:17:25,全剧都是尿点,包头
佳木斯,"(1,)",离人,4,0.5,2019-01-04 19:16:47,浪费时间，。,佳木斯
北京,"(1,)",古器真茶,4,4.5,2019-01-04 19:15:01,小镇诗意感和细节的美感，在国产片里是少见的,北京
呼伦贝尔,"(1,)",kldtz1976,3,4.5,2019-01-04 19:12:00,不好看这是什么电影,呼伦贝尔
杭州,"(2,)",我是大杜皮,2,0.5,2019-01-04 19:07:53,哈哈哈，据说超烂，还好跟当时想一起去看的人到31号就找不到了,杭州
常州,"('',)",咪兜我爱你,2,0.5,2019-01-04 19:07:15,看电影看的我差点死去，心脏乱跳，气都透不过来了，人及其难受，整个电影给我的感觉太灰暗，看完也不知表达的什么,常州
瑞安,"('',)",吊妹妹哦,3,0.5,2019-01-04 19:01:54,最多一分少给0.5都怕这个电影太骄傲,瑞安
漯河,"('',)",马鹿马，,4,0.5,2019-01-04 18:59:50,年度之最，进去就开始睡，如果不是因为心疼电影票，我也像其他人一样潇洒的起身就走，我坐也要把电影票坐回来。,漯河
合肥,"('',)",梦婷婷。,1,0.5,2019-01-04 18:54:33,年度最烂，不想说话。,合肥
北京,"('',)",qUs18650054068,3,4.0,2019-01-04 18:52:27,比隔壁来电狂响有意思多了,北京
深圳,"('',)",Ericy_余,3,0.5,2019-01-04 18:52:10,我觉得一些所谓的导演用一些什么**艺术眼光来述说解释自己拍的烂电影，用钱买票的观众就是为了看好看的电影不是为了看艺术什么来的，好看就是好看不好看就是不好看，这电影简直是比浪费时间更可怕 …,深圳
珠海,"(2,)",mGP862718082,3,0.0,2019-01-04 18:48:13,2018最垃圾的电影，完全看不懂剧情，浪费消费者的时间跟金钱,珠海
郑州,"(1,)",等风来而已,1,0.5,2019-01-04 18:46:46,垃圾中的战斗机，去看吧，去浪费青春吧,郑州
青岛,"(2,)",不悔经行处,1,0.5,2019-01-04 18:39:16,看不懂。太烂了。没有剧情，也没有感情。,青岛
银川,"('',)",PaRaNoiA,3,0.5,2019-01-04 18:37:48,活到现在看过的最难看的电影，没有之一，文艺二字害死人,银川
青岛,"(1,)",sdoha,4,4.0,2019-01-04 18:37:42,拍摄手法真心不错，但是故事有点儿没讲明白,青岛
江门,"('',)",极度猥琐的老衲,2,0.5,2019-01-04 18:27:48,嗯，没有悬疑，没有剧情，没有美女，看着一个人硬生生吃完一个苹果我真是醉了。2019年年度烂片王想不到在第一天就已经出现了。我之所以给一分是因为评论没法给零分。一部电影如果想面面俱到，往往到最后就是一无所有。,江门
沈阳,"(2,)",冰人儿999,1,0.5,2019-01-04 18:27:42,看了一半出来了，2018年最差的电影，没有之一，也不想知道结局。,沈阳
重庆,"(1,)",飛絮飄零_joker,3,2.0,2019-01-04 18:26:39,這電影我估計不看三次以上我是看不懂的。我有點想知道多少人衝著湯唯去的，又有多少人看得一臉懵逼，我覺得好的作品應該是雅俗共賞的，而不是曲高和寡，不管電影還是文章，能讓觀眾明白你想表達什麼才是最重要的。票價全給湯唯。,重庆
哈尔滨,"(2,)",马小楠,3,0.5,2019-01-04 18:25:07,烂到爆。。。,哈尔滨
北京,"(1,)",李xixi,4,0.0,2019-01-04 18:24:25,晚上11点多的电影，睡醒了都1点了就没去……真的很抱歉……,北京
北京,"(1,)",，,4,2.5,2019-01-04 18:22:57,本来挺期待看此片，看到分数如此低，感觉去了也是浪费时间，看来汤唯穿衣服的片子是不如脱了分数高……,北京
宁海,"(2,)",Skuara,1,2.5,2019-01-04 18:22:43,真的很好看 很失望了,宁海
昆明,"('',)",露小旗,3,0.5,2019-01-04 18:18:54,烂到不能在烂了,昆明
昆明,"(2,)",Te   Fuir,3,1.0,2019-01-04 18:14:18,完全看不懂，才看半个小时就出来了,昆明
北京,"('',)",贾海艳,2,0.5,2019-01-04 18:10:25,垃圾电影2018年度最佳,北京
蚌埠,"(2,)",王婷好名字,2,1.5,2019-01-04 18:09:35,啥片。都是噱头。 不好看,蚌埠
都江堰,"('',)",jFT382230054,5,0.5,2019-01-04 18:09:09,超级烂，，浪费钱,都江堰
北京,"(2,)",邹网红,3,0.5,2019-01-04 18:02:02,没有0分吗？😊,北京
深圳,"('',)",阿斗先生,2,0.5,2019-01-04 17:58:17,真的是差到爆，完全不知道在讲什么，要不是在跨年0点，票房绝对不高！白过了一个跨年,深圳
荆门,"(1,)",往事随风,4,4.5,2019-01-04 17:55:14,看不懂也要强行给,荆门
昆明,"(1,)",浅夏花开淡陌时丨,3,0.5,2019-01-04 17:54:09,恕我才疏学浅，不能领会其中的含义。或许是我薄情寡义，不懂导演设计的情。 如果不是跨年夜什么什么，我真的没兴趣去看。,昆明
武汉,"(2,)",👑摩羯🍪,2,0.5,2019-01-04 17:52:53,这么低得评分，干脆下影算了，很丢人,武汉
北京,"(2,)",gk7777,3,0.5,2019-01-04 17:51:02,还能说啥 看分,北京
长沙,"('',)",hVh738834974,2,0.5,2019-01-04 17:50:22,看了二十分钟不到,长沙
阜阳,"(1,)",，,3,0.5,2019-01-04 17:49:21,治好了我的失眠。。。,阜阳
秦皇岛,"('',)",XiYouJieShiNi.,1,0.5,2019-01-04 17:46:49,从开场还很激动 然而 我睡着了吃苹果走楼梯这个电影是我看过的最烂的电影,秦皇岛
台州,"(2,)",伊利买提,2,0.5,2019-01-04 17:46:24,超级难看，都不知道放什么，恶毒死了,台州
海口,"(1,)",SusanRoy,3,2.0,2019-01-04 17:43:55,全程在看吃苹果走楼梯？什么鬼？？？可能我不适合看文艺片。,海口
阜新,"(1,)",vlC976242110,3,5.0,2019-01-04 17:43:05,这电影忒好看了 看得我遭好几天罪,阜新
重庆,"('',)",lbw11210,2,1.0,2019-01-04 17:43:05,emmmmmm怪小生修为不够看不懂 两分给你打个情怀分 我真的有认真看....,重庆
杭州,"(2,)",吾 然,5,4.5,2019-01-04 17:41:12,"
这就是电影，梦与现实之间，如梦之梦。亚里士多德说成人的梦是黑白的，而这是一场彩色斑驳的“梦”中梦。电影中罗纮武的梦境一层层剥开，又不断锁在闭合的因果循环中，寻找生命所失。残缺，恍惚，魍魉，情欲又浪漫。爱情，是转瞬即逝的梦，也是一种罪。",杭州
上海,"('',)",Liuliaoliao.,2,5.0,2019-01-04 17:36:34,或许们追求的一生,上海
阜新,"(2,)",小吃货阿琳,3,0.5,2019-01-04 17:35:00,我想知道这到底演的是啥呢？,阜新
柳州,"('',)",Qrs518168,3,0.0,2019-01-04 17:31:12,这是我看过最难看的电影，看了十分钟就走了！,柳州
上海,"('',)",平凡之路,3,0.5,2019-01-04 17:31:05,有史以来看过最难看的电影了。全程都像是雾霾天气中拍摄的。剧情超烂。广告都比这个好看。,上海
保定,"(1,)",迪圣贤蹦,2,0.5,2019-01-04 17:31:02,这是我活这么大看过得最烂的电影,保定
绥化,"(1,)",平凡但不平庸,2,0.5,2019-01-04 17:24:07,太好看了吧，哈哈哈,绥化
广州,"(1,)",Self,2,3.5,2019-01-04 17:21:20,男主的梦境跟现实到底是否存在联系 云里雾里 反正可以肯定情侣都不应该看 打情骂俏还是隔壁大黄蜂吧,广州
深圳,"('',)",丁冇,5,2.5,2019-01-04 17:21:18,看不懂，不好意思,深圳
温岭,"(2,)",iRRRr,3,0.5,2019-01-04 17:17:20,浪费钱不说 浪费了那么有意义的跨年夜 看电影从来不睡觉的 结果睡的比谁都香,温岭
延安,"(1,)",陈柏名,4,5.0,2019-01-04 17:13:49,电影吧 不多说 都快去看吧 不能膈应我一个人,延安
秦皇岛,"('',)",樱桃妹妹_,2,0.5,2019-01-04 17:13:16,看不懂！！！！烧脑！！！,秦皇岛
昆明,"('',)",歌者十三丶,2,0.5,2019-01-04 17:11:43,"一部电影拍的最高的境界就是看了半天不知道讲了啥
到最后就记住一个吃苹果和一个乒乓球  没头没尾的这个电影   后悔  半月之前就订票看   烂片   配音辣耳朵
你说你方言就方言吧  还夹杂着普通话   一场下来 一场人要么玩手机  要么睡觉  要么走掉。也醉了，",昆明
芜湖,"(2,)",紫衣浅酒,2,2.5,2019-01-04 17:10:29,我没看过文艺片，不喜欢也不讨厌，只是片名和上映时间让我期待已久，还是有些失望，不是自己喜欢的电影类型。,芜湖
厦门,"('',)",BIi831180980,2,0.5,2019-01-04 17:09:59,为啥最低分只能是一分啊？,厦门
苏州,"(1,)",向光茁壮生长的Cc,4,3.5,2019-01-04 17:08:41,可见大部分猫眼用户都是傻13,苏州
成都,"('',)",吃了再减肥～,1,0.0,2019-01-04 17:04:53,最难看电影，没有之一，浪费时间。,成都
临泉县,"('',)",你读书少,5,5.0,2019-01-04 16:58:50,王家卫的影调，塔可夫斯基的气质。谁说不讲故事了，明明讲了一个极度诗意而浪漫的爱情故事，谁说没有人物了，哪一个人物没有特点？我们对电影的理解都被好莱坞惯坏了，故事并不一定要用那种方式开讲。而且电影和故事本来就没有必要的联系，如果艺术都是用来讲故事的，那艺术的功能也太狭隘了。毕赣虽然还不到30岁，但他已经可以完全称得上大师了，而且自第六代之后的导演没有一个可以与之相提并论，现在不能，以后更不能。,临泉县
常熟,"(2,)",XxxJY99,1,2.5,2019-01-04 16:50:26,开场十分钟开始睡觉 睡了半小时 我的小伙伴们和我说走吧,常熟
宁波,"(2,)",阿柒要减肥,3,0.5,2019-01-04 16:48:33,"事实证明  营销做得好  不怕票房差 
零点这个噱头赚足了票房",宁波
兰州,"('',)",是大可乐,1,0.5,2019-01-04 16:45:37,哎，不想吐槽,兰州
临汾,"(2,)",向日葵盛开的夏天,2,0.5,2019-01-04 16:41:29,剧情拖拉 一点意思也没，看了一半没看了。浪费钱！！,临汾
广州,"(2,)",Betty_Hw,2,3.5,2019-01-04 16:40:09,导演的浪漫与诗意很美好。这部电影比较小众，或许是某些方面造成了误会，大家希望它是浪漫感人的，可导演的表达是如此晦涩，这就造成了严重的落差。,广州
宜宾,"(1,)",INa675469553,3,3.0,2019-01-04 16:38:17,没看懂，不知道讲的什么,宜宾
常州,"('',)",孤独患者,2,0.5,2019-01-04 16:31:27,四川话电影，值得一看,常州
南京,"(2,)",Tina,3,5.0,2019-01-04 16:27:29,意识流的电影，很新颖的方法，有一点点闷，但看得下去，不会睡着💤 ,南京
成都,"('',)",潘达百分之一百,3,0.5,2019-01-04 16:27:25,退场了好多人…………,成都
武汉,"(2,)",葛琪琪🐾,4,3.5,2019-01-04 16:26:02,3D眼镜戴上之后，bgm随着地球最后的夜晚几个字的出现响起，我就彻底被征服了。憋着尿看完了最后一个小时～✧٩(ˊωˋ*)و✧,武汉
济南,"(1,)",rIz690998380,4,0.5,2019-01-04 16:24:34,看不懂，宣传圈钱,济南
东莞,"(2,)",Yipink,2,1.0,2019-01-04 16:23:23,算了吧哎，一言难尽,东莞
营口,"('',)",uJu284094183,3,0.5,2019-01-04 16:21:55,很少写影评，这部电影我真的需要吐槽一下，从进去到出来，你演的啥，最后结尾我想问一句，你是要有第二部吗？总感觉话没说完就结束了？,营口
沈阳,"('',)",不吃香菜emmm,1,3.0,2019-01-04 16:21:48,之前炒的那么厉害，各个影院爆满，结果......好多看半路就走的……太打脸了……,沈阳
太原,"(1,)",阿源。ゞ A Yuán💋,2,0.5,2019-01-04 16:14:37,真垃圾 我看的都能睡着 希望大家不要看 没意思 ,太原
武汉,"(1,)",erm130340534,3,2.5,2019-01-04 16:14:34,文爱电影的失败是可以预见的。因为时代变了。以前看电影的人群主要是文艺青年，所以无论你多绕多多不完整的剧情，都有人去脑补。可现在看电影的人群并不能以一个词来概括，因为各个年龄段的人都有。这也是商业片大行其道的原因。文爱类前路坎坷，还是多打磨打磨剧本在出来卖吧，当然也要挑个淡季才能有跟好的票房。,武汉
深圳,"(1,)",小野野可爱多,4,1.0,2019-01-04 16:13:21,无趣。感觉人生已经达到了低潮,深圳
涟水,"('',)",brZ132240348,1,0.5,2019-01-04 16:09:00,根本看不懂，看一半还卡住了，辣鸡,涟水
重庆,"(2,)",光芒cc,2,0.5,2019-01-04 16:07:55,真的炒鸡炒鸡难看啊，开场没多久人都走了。害我怀着孕还去看12点的场，简直是不想吐槽,重庆
上海,"('',)",赛博将,5,4.5,2019-01-04 16:07:04,节奏是有点慢，意象还是很值得回味的。汤唯黄觉戏很足。可能不是大众口味吧。7分真实感觉，多给2分拉一把,上海
常州,"(2,)",yyr920,3,3.0,2019-01-04 16:06:32,也不至于2分吧，只能说故事讲诉难以读懂，但景和意境的表现蛮新颖的，只能说看的是一种感觉…,常州
重庆,"(1,)",悠长假期,3,0.5,2019-01-04 16:03:58,"不论色彩，台词，音乐没一值得提！
拖拉故事加虚空长镜头。
说它是文艺皮囊，都过褒。充其量偷影子的人吧！
1.色彩（男女之色）并没有通过色彩的转搭通知以及预言主角的内心挣扎，反倒一味寻求至美之幻。强加给时代的文艺虚无太厉害，甚至是狗B 
2. .台词（水之书）电影里很多情绪似乎都依靠水纹泥泞的折变试图推送关键。但台词的空洞与无意义的拼接剪辑完全不知道，男女之间，甚至这场雨到底要告诉我们什么！
3.音乐（致命弯道）真正好的背景音乐不是让你我去记住，而是暂时忘记它的存在，随画面台词的留白隙间，才潺潺明白音乐的作用力。但“最后的世界”却告诉我们。她们是后期分包完成！
经那么多年的文化沉淀，",重庆
肥西县,"(1,)",Eus597347820,2,0.5,2019-01-04 16:02:51,这是第一个激发我在看电影时间的欲望,肥西县
腾冲,"(1,)",rce43543524,2,0.5,2019-01-04 16:02:26,从没看过那么垃圾的片子 以后国产片只看点喜剧了,腾冲
广州,"(2,)",๓㎕๓。 So~ °,2,0.5,2019-01-04 16:00:06,3D效果既然在后半部分，剧情完全不知道说什么，跟影名有什么关联码？？,广州
南京,"('',)",dhb575863815,3,2.0,2019-01-04 15:55:00,"故作高深吗 我是一个庸俗人我看不懂
一部电影留几个悬念让人回味是好的 而这部电影是全程懵的看完 有几个镜头特写是好的 但不至于每个镜头都特写吧 物极必反嘛 突然就插进来一个吃苹果的镜头吃到把苹果核都吃下去太刻意了吧 电影不怕它庸俗好看就行 就怕遇到这种班门弄斧可能还觉得自己酷的不得了的 好了 我去转乒乓球拍看看飞不飞的起来",南京
连江,"(1,)",基督阿斯加德,2,0.5,2019-01-04 15:54:22,说到最后的夜晚我就想到我们师徒一行人在女儿国度过的夜晚...,连江
海口,"('',)",yGd855138137,2,0.5,2019-01-04 15:52:46,嗯！😑😑😑,海口
芜湖,"(2,)",徐小姐,2,0.5,2019-01-04 15:51:58,看不懂 好压抑啊  无聊透了,芜湖
徐州,"(2,)",橙味儿,2,0.5,2019-01-04 15:51:19,看不懂，走了😒 ,徐州
滕州,"(1,)",mZI704144283,3,0.5,2019-01-04 15:50:24,垃圾 超级烂片,滕州
佛山,"('',)",vkg217705633,3,4.5,2019-01-04 15:50:23,我不明白铺天盖地的差评从何而来？因何而来？影片本身的基调就是比较个人视觉比较文艺比较慢节奏的，但是，作为一种向内心深处求索生命感悟的小众电影，这又有何不可？又碍了谁了呢？虽然我并不决然拒绝靠白痴桥段博满堂欢笑的爆米花电影，但对于这样恬淡从容地讲一些不功利不出位的故事的电影，我认为大家不该这样苛求甚至落井下石。至少，那些甚至都没掏过钱买票去看过电影的键盘侠，就请积德闭嘴吧……这样的刀子嘴，太伤人了。我，敬重他们，导演、演员、工作人员，他们的辛苦付出，若有人不懂，也没什么，闭嘴转身，这样就好了。,佛山
临沂,"('',)",仓葵与暮_,2,2.5,2019-01-04 15:48:53,讲真确实看不懂，进了影院像火车站，而且基本都是情侣，由于电影气氛太压抑所以大家都在打哈欠，跨年看这个确实有点，，，,临沂
共青城,"('',)",付雨晴,3,0.5,2019-01-04 15:48:45,不好看吐槽啊,共青城
无锡,"('',)",郑大大大彬,2,0.5,2019-01-04 15:46:40,烂！节奏慢，剧情跳,无锡
宜昌,"('',)",imS763337458,2,5.0,2019-01-04 15:40:19,挺好看的 为什么我觉得是一部喜剧片 很喜欢里面的画面与对白 一个镜头拉长 我就忍不住的想笑 虽然看完脑子是个线团 但是看的很轻松 也许大概讲的就是男主对女主的爱吧,宜昌
惠州,"(2,)",KWZ554612997,2,0.0,2019-01-04 15:38:33,从来没看过这么垃圾的电影，完全看不懂，垃圾,惠州
呼伦贝尔,"(2,)",亚斯米妮_H,3,1.5,2019-01-04 15:37:10,真的好没意思,呼伦贝尔
茂名,"(2,)",お樱子🐯,2,3.5,2019-01-04 15:34:43,个人艺术细胞不够，但影片还是OK的,茂名
长春,"(1,)",牛翔宇,2,3.5,2019-01-04 15:33:29,作为一部需要思考甚至多次观看的文艺片作为年末的影片有点硬核，对大众不是很友好，各种长镜头即使用的好也只会让一般人觉得格外无聊,长春
邢台,"(1,)",X.W,3,5.0,2019-01-04 15:30:47,不要等失去了 才去挽回 为时已晚 请珍惜当下,邢台
北京,"(1,)",山的那边有一堆毛,4,2.5,2019-01-04 15:30:07,看了影评买的，又是看了影评决定不看的，只能公道说，文艺片不适合大张旗鼓宣传。但是其实这东西只有少数人看得懂吧,北京
深圳,"(1,)",（expiation),3,0.5,2019-01-04 15:29:34,垃圾 还我100块，首映的时候看的 特意过来差评 观众不满意 就是这么任性！,深圳
睢宁,"(2,)",Kkv240933777,2,1.0,2019-01-04 15:26:58,一觉睡醒    结束了,睢宁
西安,"('',)",你根本拿我么办法,2,0.0,2019-01-04 15:26:32,烂电影 本来还很期待 完全看不懂 进去就想睡觉 看到了换3D情节 实在看不下去就走了 很糟心,西安
滕州,"(2,)",可可西里9520,2,0.5,2019-01-04 15:25:42,不想说话啦,滕州
沈阳,"('',)",怪人阿椒,2,4.0,2019-01-04 15:24:43,是一个特别适合二刷的电影，但是并不被大众所认可所理解，导演的失误所在吧，再加上国内影院设备不给力，有好多细节和导演的精心用意没有被观众发现，怪可惜的一部片子，但二刷真的很有必要，也算是走对一步棋。,沈阳
深圳,"(2,)",西洲,2,0.5,2019-01-04 15:24:10,这种影片，就应该下架,深圳
金华,"(2,)",比柠檬还萌🌝,3,0.5,2019-01-04 15:22:07,一点都不好看,金华
宜昌,"('',)",琳语百合,3,0.5,2019-01-04 15:16:48,差评！差差差差差差评！,宜昌
嘉善,"(2,)",萌啊萌,3,2.0,2019-01-04 15:12:01,全程无看点 真的是无力吐槽,嘉善
呼和浩特,"(1,)",想去的远方,2,3.0,2019-01-04 15:09:47,毕赣可能压根就没有要讲故事的打算。这部电影并不是想要讲明白一个故事，而是你在观看的过程中，内心想到了自己的什么故事，没有定论，想到什么就是什么。电影大致是采用倒叙的手法，时间线打乱的可以跟诺兰导演有一拼。最后从罗纮武等待时在电影院中睡着可以看出还是留了开放性结局，最后一场的演出，十二年的时间，痴情的男人最终还能不能找到心中念念不忘的爱人。也许，毕赣本人都没有想好。,呼和浩特
重庆,"(1,)",ZLJ385613437,4,0.5,2019-01-05 21:09:17,烂片，没有看完，还坑了我5张票,重庆
乌鲁木齐,"('',)",qOu538445502,2,1.0,2019-01-05 21:07:33,电影开始看了一个小时没看懂剧情。超级烂,乌鲁木齐
曹妃甸,"('',)",Aomike ,2,0.5,2019-01-05 21:05:40,垃圾电影，垃圾，浪费钱不说还浪费我时间，电影院看到一小半人差不多走完了 后面隐约听到打呼噜声，真香...。。。千万别看真的，，，我觉得一分都嫌多了。。。怎么不能打零分。。。***。。。,曹妃甸
武汉,"(2,)",Luyuhaha6💨,4,1.0,2019-01-05 20:59:07,刚看5分钟不到就睡着了……第一次看电影有这种感觉……以后看到毕赣怕是要躲掉了，还宣传的那么火,武汉
沈阳,"(1,)",年华w460,3,5.0,2019-01-05 20:58:21,這部電影用心看 ，會有深深的帶入感 让你有時空交錯的感覺 值得再次觀看,沈阳
宝鸡,"('',)",LOd304722132,1,0.5,2019-01-05 20:54:15,超级烂的电影,宝鸡
杭州,"('',)",iJD221450777,1,1.0,2019-01-05 20:53:04,真的是烂片  看不懂  也不好看,杭州
镇江,"(2,)",寒冷198,3,0.0,2019-01-05 20:50:55,史上最差的一部电影，真是垃圾，名字跟内容一点不相干，半场人都在睡觉，还好我看了一会就离开了，真差劲,镇江
武汉,"(2,)",LOVE勤勤001,2,1.0,2019-01-05 20:49:18,超级烂片，又臭又长，根本看不懂,武汉
西安,"(1,)",千里0115,3,2.5,2019-01-05 20:49:07,么得看懂昻。,西安
苏州,"('',)",lXA492484056,1,3.0,2019-01-05 20:49:06,看不懂不知道讲的什么,苏州
长沙,"(2,)",好,0,1.0,2019-01-05 20:46:29,不怎么样，看不懂,长沙
珠海,"(2,)",绿妩.,1,0.5,2019-01-05 20:45:46,烂片，浪费钱 还在跨年的时候 看这些鬼东西,珠海
宁波,"('',)",dFe410992236,2,0.5,2019-01-05 20:44:38,有事没去看 居然不能退 哼,宁波
武汉,"('',)",Rgs162494460,2,0.5,2019-01-05 20:44:25,辣鸡中的战斗机,武汉
保定,"('',)",pvv379891584,2,0.5,2019-01-05 20:42:42,辣鸡，一分都不想给,保定
沈阳,"('',)",JLTX帝天,1,1.5,2019-01-05 20:40:27,没看懂啥意思,沈阳
沈阳,"(2,)",Chillax,3,0.5,2019-01-05 20:36:11,2018年度烂片之首 实至名归,沈阳
西安,"(1,)",杰出不凡,2,0.5,2019-01-05 20:35:29,全程懵逼，没看懂，就迷迷糊糊没了，一个人吃苹果吃半天了，滑索道滑半天，还不是全3D,西安
南宁,"('',)",kDQ963136104,3,0.5,2019-01-05 20:33:50,不好看，非常垃圾的一部片，都不懂讲什么。,南宁
广州,"('',)",🎃,0,0.5,2019-01-05 20:33:29,什么垃圾电影 浪费我跨年美好时光 ,广州
武汉,"(1,)",轍,3,0.5,2019-01-05 20:28:17,很烂不好看 电影院的椅子不错很舒服,武汉
哈尔滨,"('',)",恕己。900,2,3.5,2019-01-05 20:26:06,"是不错的片但绝对不是很好的文艺片
文艺片绝对不是以 看不懂、需要耐心找线索来看逼格的  这部电影在底层的生活中讲述一个梦境里完美故事  现实的万绮雯是个浪漫的骗子 梦境里他寻找的凯珍是符合他理想的情人  不管女主还是男主都是活在生活的阴沟里时而仰望星空的人  彼此都向往美妙的、清澄的对待  这样虽有无奈又清爽的存在令人愉悦   这是一部喜欢但绝不敢看第二遍的电影  会困倦会伤心",哈尔滨
南宁,"(2,)",wyccc9311,4,2.0,2019-01-05 20:26:01,朋友们能不能告诉我明道在哪里………我睡着了没看见,南宁
上海,"(2,)",LEZ266009006,2,1.0,2019-01-05 20:24:54,不好看，看不懂,上海
西安,"('',)",a1泽鹏,2,0.5,2019-01-05 20:24:21,实在一分最低，不能再低了，我一个跨年就看个这个，你什么子鬼东西呀！,西安
沈阳,"('',)",TurquoiseWaLI,3,4.0,2019-01-05 20:23:42,"每一帧都是艺术
反正本身 是理工女 看什么都像艺术😂
很耐看的电影 应该多看几遍 可惜没有排片了
快销的东西太多
值得细细品味的东西自然珍贵
不错的",沈阳
临沂,"(2,)",潇潇潇潇潇。。,2,1.0,2019-01-05 20:14:49,结束时间是23:52？？？ 全程看不懂,临沂
柳州,"('',)",_qqk6f1436942729,2,1.0,2019-01-05 20:14:12,看不懂金马影片 打扰了,柳州
鄂尔多斯,"('',)",COZ315992102,1,0.5,2019-01-05 20:14:00,汤汤真傻，这样的剧情还献出了吻？片酬拿到手？,鄂尔多斯
奉化,"('',)",ciq644016236,2,0.0,2019-01-05 20:12:19,看不懂，垃圾,奉化
上海,"('',)",Toc526774522,3,0.5,2019-01-05 20:10:34,烂片不解释啊,上海
平江,"('',)",1423223走起,2,5.0,2019-01-05 20:09:00,文艺片啊啊啊啊,平江
绵阳,"('',)",FANFANFAN啊,2,0.5,2019-01-05 20:08:46,尴尬而不失礼貌的微笑,绵阳
昆明,"(2,)",你修改了昵称,3,5.0,2019-01-05 20:08:25,期待了很久，终于今天看了，上映的影院太少了，很好，很喜欢的东西就是不希望人人都喜欢。每一帧画面都好美，两个多小时不够看，很享受随着电影的节奏，慢慢的去感受，去思考，时而想点上一支烟，时而也想啃一只苹果。有的人就是这样，明明脸已经模糊了，却还一直躺在你的回忆里，蒙着一层磨砂玻璃，你怎么努力都看不清，也触碰不到，但他嘴唇的温度却记得深刻。现实中你知道他在哪里，也许就在微信里，却如迷雾的旧城一般，找不到他。,昆明
昆明,"(2,)",XTk640047943,2,3.5,2019-01-05 20:07:35,不是平庸之作，但也不是佳作。,昆明
邢台,"('',)",WpH252957142,3,5.0,2019-01-05 20:06:14,让我对汤唯彻底失望了👊🏻,邢台
淄博,"(2,)",NDr922688065,2,2.0,2019-01-05 20:03:29,really hard to say,淄博
大石桥,"('',)",春丽82,2,0.5,2019-01-05 20:02:48,智商低，看不懂,大石桥
昆明,"('',)",夏至初晴ROY,1,1.0,2019-01-05 20:00:37,是约会地方太少了吗，我为什么要来看这个电影,昆明
武汉,"('',)",鸡跩跟,2,1.0,2019-01-05 19:59:54,稀烂，吃个苹果居然能吃5分钟，，，,武汉
赣州,"(2,)",娇欧巴193,1,0.5,2019-01-05 19:59:26,一点也不好看,赣州
云浮,"(1,)",张汉云933,3,0.5,2019-01-05 19:57:40,还真没试过看一部电影可以看到中段就想走的！超级烂,云浮
大同,"(1,)",稚........,1,2.5,2019-01-05 19:54:38,所以凯珍到底是不是男主梦里的万绮雯,大同
南宁,"('',)",xx公子雪,1,1.0,2019-01-05 19:53:42,超级烂，这种垃圾电影根本不配上映，时长140分钟剧情全靠拖，乱七八糟不知道在讲什么，吃个苹果从开始吃看到吃完，坐个破烂缆车坐了一年，看得超级尴尬好吗，要不是因为是这样的片名，根本没有没人看吧，真是服了这个导演了，**！,南宁
宜宾,"('',)",eAh594980981,1,3.0,2019-01-05 19:53:17,呵呵呵呵呵呵呵,宜宾
惠州,"('',)",KrR171131880,1,1.0,2019-01-05 19:52:40,不好。。。。,惠州
新余,"('',)",raO651456294,1,0.5,2019-01-05 19:52:10,不好看不好看,新余
广州,"('',)",w,2,0.5,2019-01-05 19:50:16,居然给不了零分吗,广州
北京,"(1,)",河西先生,3,5.0,2019-01-05 19:49:57,满分，经典！三刷了！,北京
邛崃,"('',)",jcM796191454,1,0.5,2019-01-05 19:46:23,电影10分，电影椅子很舒服，给9分，最后一分意思意思,邛崃
长沙,"('',)",梅子,4,0.5,2019-01-05 19:45:54,这一分是给导演前小时2D后一小时3D的转换，说实在的第一次感觉思维乱的，悬疑片？恐怖片？搞笑片？枪战片？推理片？唉😔 怪我智商没跟上吧，不知啥关系，居然能在年度最后一天上片，坑了那么多人的心情，,长沙
天津,"('',)",璞鸢,1,3.0,2019-01-05 19:42:33,我后面的人在最后的时候说自己看懂了,天津
博兴,"('',)",mfE706184620,2,1.0,2019-01-05 19:41:57,没看懂，太一般,博兴
龙游,"('',)",ylh哈哈,1,0.5,2019-01-05 19:41:50,我都不明白在看什么。,龙游
北京,"('',)",奈斯的啵,1,0.5,2019-01-05 19:40:25,催眠……太催眠了……看不懂……真的看不懂……睡觉💤酥服～……,北京
东阳,"('',)",Sang,3,0.5,2019-01-05 19:39:51,一点都不好看  慢的要死,东阳
鞍山,"(2,)",PwH15841275753,4,0.5,2019-01-05 19:37:44,完全看不懂,鞍山
南通,"('',)",heW455945724,1,2.5,2019-01-05 19:37:41,还好，就那样,南通
安宁,"('',)",bud765940771,2,1.0,2019-01-05 19:37:33,什么鬼啊 看都看不懂,安宁
北京,"(2,)",我就叫没有人,4,2.0,2019-01-05 19:37:29,真的看不懂呀,北京
乌鲁木齐,"('',)",SSD320009714,3,0.5,2019-01-05 19:34:38,看不懂，真的看不懂,乌鲁木齐
安平,"(2,)",张曦璐、,2,2.5,2019-01-05 19:34:33,说真的  没有看懂,安平
永州,"('',)",Kiz159044990,2,0.5,2019-01-05 19:33:13,还给一分，只是因为有汤唯，不然一分都不给,永州
洛阳,"('',)",nIw553308231,3,5.0,2019-01-05 19:32:28,文艺片文艺片,洛阳
咸阳,"(2,)",似水无痕440,0,0.5,2019-01-05 19:30:54,当男主角在电影院带上眼睛的那一刻，是我2018年最傻的时刻。真是没点智商都看不懂……没看懂讲些什么……,咸阳
呼和浩特,"('',)",w喵栀,2,2.5,2019-01-05 19:30:07,。。。。。。。一般,呼和浩特
南京,"('',)",vWU140212225,1,0.5,2019-01-05 19:27:27,太好看了，如果不是旁边有人我就可以爆粗口了真好。,南京
苏州,"(1,)",YDM416425240,2,0.5,2019-01-05 19:27:26,看不懂，看不懂,苏州
宁波,"('',)",NAk962582159,1,5.0,2019-01-05 19:26:51,非常的好看，内涵很深啊,宁波
安顺,"('',)",A违心的祝福,1,0.0,2019-01-05 19:24:57,一部没有看懂剧情的电影,安顺
兴化,"('',)",lnG245207469,2,5.0,2019-01-05 19:23:15,真的太好玩了，居然把我的失眠治好了，必须5星,兴化
昆明,"('',)",ZDv459781053,1,1.0,2019-01-05 19:22:23,看不懂。真心的烂。,昆明
黄石,"(1,)",WwK184535538,3,3.5,2019-01-05 19:22:12,还好吧！没有路边野餐好看。,黄石
郑州,"('',)",南俊俊唉,2,3.0,2019-01-05 19:21:16,还行还行还行还行还行,郑州
徐州,"('',)",sfp542804010,1,0.5,2019-01-05 19:20:49,放了不到二十分钟都走的差不多了，坚持到最后也没看懂啥意思？,徐州
原阳,"('',)",After清晨…,1,0.5,2019-01-05 19:20:42,无世界上难度誓不罢休,原阳
海口,"('',)",JsM381661600,3,3.0,2019-01-05 19:18:15,好行吧，……,海口
长沙,"(1,)",EaU225134682,2,0.5,2019-01-05 19:16:44,垃圾中的垃圾,长沙
长沙,"('',)",Jzf877068610,2,0.5,2019-01-05 19:15:00,真的烂，睡了一觉，以后看电影都有阴影啦,长沙
厦门,"(2,)",北街末雨,2,0.5,2019-01-05 19:07:31,我敲，这是史上最大的烂片，为什么还能播出？???,厦门
大庆,"('',)",也许明天t,1,0.5,2019-01-05 19:06:53,垃圾中的垃圾,大庆
连云港,"(1,)",画一方禁地3531,1,1.0,2019-01-05 19:06:32,只能说我欣赏不来这个电影,连云港
邯郸,"(2,)",赵颖v,3,3.0,2019-01-05 19:05:23,我睡了，你随意,邯郸
深圳,"('',)",hOY232732694,2,0.5,2019-01-05 19:03:46,看了前半个小时一点没看懂，后半个小时就睡着了，再后面的一个小时就没看了，浪费钱又烧脑,深圳
九台,"('',)",salada,2,2.5,2019-01-05 19:03:00,抱着崇敬的心去看 结果是真心没看懂 还有点晕车。。镜头总是摇摇晃晃上来下去  最后一段还以为会有惊喜结果咔嚓 结束了 。。。哎 自己体会吧 也可能是太过高级 我这俗人没懂,九台
南宁,"(1,)",超酷的佳,2,0.0,2019-01-05 19:02:24,一点都不好看,南宁
兰州,"('',)",摩艾的眼睛,3,4.0,2019-01-05 19:02:16,不错，有想法，也基本表达出来了。评分低在于营销方把一个小众电影营销给大众了。,兰州
铜仁,"(2,)",HQH158098355,1,0.5,2019-01-05 19:01:31,也就宣传做的好，时间选的好,铜仁
漯河,"(1,)",茂离浅,2,0.5,2019-01-05 19:01:30,啥破电影啊  我女票都睡着了😒😒,漯河
昆明,"(1,)",发型邦（邹吉）,4,0.5,2019-01-05 18:59:56,看不懂，开局亲一下，然后吃苹果，然后在吃一个苹果，然后在亲一次，就挂了,昆明
南京,"(1,)",BWd681695394,1,2.5,2019-01-05 18:59:21,电影院有好多人睡觉，还打呼噜，吵到我了！！！！,南京
西安,"(1,)",丿情愫,4,0.5,2019-01-05 18:58:57,睡的很舒服。吃苹果吃的很恶心,西安
宁波,"('',)",Stronger罗，,4,3.0,2019-01-05 18:57:43,剧情内容很好，只是作为一个不文艺的人，并不太喜欢这样的电影表现手法。5分送给汤唯,宁波
长沙,"('',)",ham°,2,5.0,2019-01-05 18:57:02,只是看着想睡,长沙
义乌,"(1,)",清风烈酒320,2,0.5,2019-01-05 18:56:08,垃圾电影真的差,义乌
蒙自市,"('',)",菁华如梦,2,0.5,2019-01-05 18:56:01,"
来，我们吐槽一下电影：地球最后的夜晚[em]e401185[/em]，剧情好乱，表示我们一脸懵逼，看那个人吃苹果，把一个完整的苹果连核吃着进去整整看了好几分钟[em]e401185[/em]，我是来看他吃苹果的吗?[em]e401182[/em]最后用亲吻来结束，我还是表示一脸懵[em]e401182[/em]亲吻出现了好几次，有什么用吗?[em]e401182[/em]难道我要对着我的可乐和爆米花亲吻好几次吗?[em]e401182[/em]不要去看了，超无聊！",蒙自市
织金,"(1,)",傻子,2,0.5,2019-01-05 18:55:42,半心都不想给,织金
上海,"(2,)",Ywi961267395,2,0.5,2019-01-05 18:55:38,治好了我最近的失眠,上海
大连,"('',)",小可爱不点外卖,1,1.0,2019-01-05 18:55:30,打扰了…………,大连
东莞,"(2,)",w家欣,3,0.5,2019-01-05 18:53:42,没看过这么无聊的电影,东莞
深圳,"(1,)",jDiavolo,4,4.0,2019-01-05 18:53:39,看的时候觉得不知所云，那时候如果让我打一定不值两分，后来深入了解回味了一下，我也是做影视创作的，假如我做了个梦醒来将我的梦画成分镜，估计就是这样,深圳
深圳,"('',)",毒药兔子,3,0.5,2019-01-05 18:53:33,这是我看过最垃圾的电影 从头到尾都没有看明白,深圳
天津,"(2,)",笨鸡,2,0.5,2019-01-05 18:51:02,我今年26岁，这是我活了这么久看的最垃圾的一部电影了，不，它都不能被称作是电影，应该叫长镜头合集，垃圾到令人发指,天津
大连,"(2,)",miss,3,0.5,2019-01-05 18:49:58,太烂了!人生20年来最无聊的电影!没有之一!!!!👿 👿 👿 ,大连
杭州,"('',)",xJF242468431,2,0.5,2019-01-05 18:49:02,稀里糊涂的片子，难看的要死,杭州
济南,"(2,)",粉色凯迪拉克,2,3.5,2019-01-05 18:48:36,Long day's journey into night，个人觉得还不错，人挺多很挤，全程看了，没睡，情节也许不够紧凑，但这种电影不就是这样嘛，演员演技炸裂，画面美啊，汤唯和黄觉，美女帅哥看着就够了，至于没交待的部分，大家都是成年人了，谁还问为什么呢，问了又能得到答案么，神秘感才好看啊～苹果和野柚子好吃，绿裙子真好看呢～,济南
登封,"('',)",Wbq205568499,1,1.0,2019-01-05 18:46:35,看得我好瞌睡啊,登封
天津,"(1,)",冰岛的雨季,2,0.5,2019-01-05 18:46:32,滚蛋骗我的钱,天津
太原,"(1,)",HxH,2,0.5,2019-01-05 18:46:09,垃圾烂片，强行纳智商税,太原
香格里拉,"('',)",BVc333107321,1,5.0,2019-01-05 18:45:33,没看懂  不小心睡着了,香格里拉
温岭,"('',)",蔣好琦,3,4.5,2019-01-05 18:44:27,诗化影像，绝妙长镜头！赞！,温岭
赣州,"('',)",米老鼠,2,0.5,2019-01-05 18:43:31,以我个人观点，一塌糊涂，没有观赏可言。,赣州
成都,"(2,)",gouyangqi,2,0.5,2019-01-05 18:43:14,第一次一部电影没有看懂，而且很不好看,成都
临汾,"('',)",A💋.临汾Perfect婚车团队-欢欢,2,0.5,2019-01-05 18:42:50,垃圾电影，根本就没看懂这电影是说的啥意思。,临汾
漯河,"('',)",少了难过.,1,1.0,2019-01-05 18:41:39,什么鬼鸭   完全看不懂,漯河
长春,"('',)",bazeng920,1,5.0,2019-01-05 18:39:39,好看 很有趣啊,长春
三亚,"(2,)",柠檬1950,1,1.0,2019-01-05 18:38:41,"什么都没看懂 谢谢 睡到了零点
打扰了🙃",三亚
成都,"('',)",Sasayaoo,2,2.0,2019-01-05 18:35:47,我觉得这个电影不是很好看,成都
东莞,"(2,)",TANGJIA54,2,1.0,2019-01-05 18:34:44,一分都不想给，没看过这么差的电影，整个画面黑麻麻的，莫名其妙就飞了起来然后又降下来，只是个高空镜头就算飞了，太敷衍了。,东莞
宁波,"('',)",forestduck,3,5.0,2019-01-05 18:33:29,毕赣没有让我失望 虽然叙事有点混乱 但不妨碍他讲好这个故事 很想再看一遍这个长镜头 满满的仪式感 19年的开头能看到这部作品 真的很幸运,宁波
鸡西,"(1,)",爱人姓朱Xx.Zz,1,0.5,2019-01-05 18:31:58,炒鸡难看😡,鸡西
吉安,"('',)",浅陌的殇,1,1.5,2019-01-05 18:31:47,感觉连不起来，不知道讲了什么,吉安
郑州,"('',)",FCf958232814,1,1.0,2019-01-05 18:30:50,超级烂烂烂烂,郑州
徐州,"(2,)",小迷糊1596,1,2.0,2019-01-05 18:30:40,。。。。。。,徐州
临海,"('',)",朦胧夜色的没,1,1.0,2019-01-05 18:30:04,从头到尾没看懂是什么,临海
咸阳,"('',)",qlA666242526,2,2.5,2019-01-05 18:30:02,看不懂烦躁哦,咸阳
广州,"(1,)",我吤名叫做酱爆,2,0.5,2019-01-05 18:27:50,看到大家都在骂我就放心了，还70分钟跟猪脚带上3D眼镜，请问有人能坚持到70分钟吗？,广州
葫芦岛,"('',)",gkS711922652,1,5.0,2019-01-05 18:27:25,没看懂，但是意义大,葫芦岛
北京,"('',)",Ym💞,4,0.5,2019-01-05 18:27:06,看过最垃圾的电影。,北京
上海,"(2,)",孟婆三七,1,1.0,2019-01-05 18:26:35,是看过那么多电影中最烂的一部，还没看一半呢人走了一半居然还听到了打呼噜，啃个苹果都要两个钟  无语,上海
盐城,"('',)",lco227208294,1,0.0,2019-01-05 18:26:27,这个电影太垃圾了,盐城
北京,"(2,)",冒牌会员,2,4.0,2019-01-05 18:25:45,也是没能教育了中国大多数观众，哎～没希望了,北京
上海,"('',)",BKy873759435,2,2.5,2019-01-05 18:25:44,貌似看不懂的感觉,上海
福州,"(1,)",阿浩,4,1.0,2019-01-05 18:24:29,真的睡着了。,福州
南京,"('',)",OgV545547814,2,1.0,2019-01-05 18:24:17,第一次看电影打瞌睡，只想说，这部电影真烂,南京
滁州,"('',)",Ubh487775216,1,1.0,2019-01-05 18:23:35,完全看不懂啊啊啊,滁州
哈尔滨,"(2,)",茹茹如如💜,1,0.5,2019-01-05 18:21:47,  白瞎33块钱 浪费时间,哈尔滨
温州,"('',)",Jeo275176908,1,2.0,2019-01-05 18:21:21,emmmmm欣赏不来,温州
深圳,"(1,)",支丙然要瘦到140,3,5.0,2019-01-05 18:20:44,讲道理 电影院不应该只有一种体验,深圳
佛山,"('',)",泛滥王.,3,0.5,2019-01-05 18:20:27,没看完就出来了。简直困死了,佛山
武汉,"('',)",SZU614505194,2,0.5,2019-01-05 18:19:51,超烂，失望，没看完就走了,武汉
南宁,"('',)",SRT123456srt,1,1.0,2019-01-05 18:18:17,根本看不懂 真棒!,南宁
义乌,"('',)",外卖小哥.辛苦,1,0.5,2019-01-05 18:17:50,这是看过最烂的一部电影。,义乌
江津,"('',)",dls335609600,1,1.0,2019-01-05 18:17:18,垃圾，看过最烂的片，百花了钱,江津
上海,"(2,)",🚬laege•残爷！,2,0.5,2019-01-05 18:16:19,"超级垃圾的剧
",上海
中山,"(1,)",何以笙萧Edwin,3,5.0,2019-01-05 18:16:13,10分给电影院座椅的，躺着看，睡着很舒服,中山
西安,"('',)",回童话镇的邮递员,2,2.0,2019-01-05 18:15:54,。。。。。。,西安
桐乡,"(1,)",YangweiD,4,0.5,2019-01-05 18:14:02,很烂很烂非常烂,桐乡
哈尔滨,"('',)",滴滴打车,2,5.0,2019-01-05 18:13:49,很棒的一部电影了，不过第一次看大部分都很难看懂，但是看完影评仔细再体会下，里面的人物和背景设计都能够get到点了，总之就是错配了观众错配了气氛,哈尔滨
