公司全名,公司规模,职位名称,薪资水平,工作经验,学历要求,区域,职位福利,工作年限,经验,salary,月工资
贝壳,2000人以上,测试开发工程师,30k-50k,3-5年,本科,海淀区,"15薪,大平台,三餐免费,健身房","['3', '5']",4.0,"['30', '50']",35.0
智飞云科,50-150人,测试开发工程师,13k-18k,1-3年,本科,海淀区,弹性工作、工作氛围好、福利诱惑、垂直发展,"['1', '3']",2.0,"['13', '18']",14.25
好未来,2000人以上,测试开发工程师,15k-30k,3-5年,大专,海淀区,"扁平化管理,免费晚餐,打车报销,弹性工作制","['3', '5']",4.0,"['15', '30']",18.75
金山云,500-2000人,测试开发工程师,20k-40k,3-5年,本科,海淀区,中国前三，包三餐，下午茶，免费公交,"['3', '5']",4.0,"['20', '40']",25.0
闪银奇异,500-2000人,测试开发工程师,20k-40k,3-5年,本科,朝阳区,六险一金，扁平化管理,"['3', '5']",4.0,"['20', '40']",25.0
玖富集团,2000人以上,测试开发工程师,15k-25k,3-5年,本科,朝阳区,"班车接送,薪资福利好,六险一金,大牛团队","['3', '5']",4.0,"['15', '25']",17.5
Moka,50-150人,测试开发工程师,20k-30k,3-5年,本科,海淀区,"上升空间大,团队强,福利好","['3', '5']",4.0,"['20', '30']",22.5
省钱快报,150-500人,测试开发工程师,20k-30k,3-5年,本科,东城区,"每日三餐,百万日活,弹性工作,扁平管理","['3', '5']",4.0,"['20', '30']",22.5
Face++,500-2000人,测试开发工程师,15k-25k,3-5年,本科,海淀区,极客范,"['3', '5']",4.0,"['15', '25']",17.5
OKCoin,500-2000人,测试开发工程师,15k-30k,3-5年,本科,海淀区,"技术型,氛围好,福利多","['3', '5']",4.0,"['15', '30']",18.75
畅聊天下,150-500人,测试开发工程师,15k-25k,1-3年,本科,海淀区,"B+轮,IPO,绩效和年终,晋升机会多","['1', '3']",2.0,"['15', '25']",17.5
百融金服,500-2000人,测试开发工程师,10k-20k,应届毕业生,本科,海淀区,"年底双薪,带薪年假,年度旅游,绩效奖励",[],0.0,"['10', '20']",12.5
OKAY智慧教育,150-500人,测试开发工程师,15k-30k,3-5年,大专,海淀区,"领导nic,扁平化管理","['3', '5']",4.0,"['15', '30']",18.75
花椒直播,150-500人,测试开发工程师,15k-30k,1-3年,本科,朝阳区,"完善的福利,竞争力待遇,技术氛围好","['1', '3']",2.0,"['15', '30']",18.75
美篇,50-150人,测试开发工程师,20k-40k,5-10年,本科,海淀区,"亿级用户量,高薪高福利,超扁平管理,团队氛围好","['5', '10']",7.5,"['20', '40']",25.0
贝壳,2000人以上,测试开发工程师,20K-40K,1-3年,本科,海淀区,"15薪,13天年假,免费三餐,逢节必过","['1', '3']",2.0,"['20', '40']",25.0
闪银奇异,500-2000人,测试开发工程师,25k-30k,3-5年,本科,朝阳区,薪酬福利好 金融科技独角兽 发展稳健快速,"['3', '5']",4.0,"['25', '30']",26.25
Face++,500-2000人,测试开发工程师,20k-35k,3-5年,本科,海淀区,"机会多,人工智能,不打卡","['3', '5']",4.0,"['20', '35']",23.75
远弗科技,50-150人,测试开发工程师,20k-30k,3-5年,本科,朝阳区,薪酬高、氛围好，成长快。,"['3', '5']",4.0,"['20', '30']",22.5
EasyStack,150-500人,测试开发工程师,15k-22k,1-3年,本科,海淀区,C轮融资，发展前景好，老板Nice,"['1', '3']",2.0,"['15', '22']",16.75
币市BISS,15-50人,测试开发工程师,25k-40k,3-5年,本科,朝阳区,区块链新赛道，氛围好牛人多，发展潜力高,"['3', '5']",4.0,"['25', '40']",28.75
生命奇点,50-150人,测试开发工程师,15k-25k,不限,本科,海淀区,"发展空间大,项目前景好,团队氛围好,技术导向",[],0.0,"['15', '25']",17.5
右划,150-500人,测试开发工程师,30k-50k,3-5年,本科,朝阳区,"短视频,大牛云集,工程师文化,一年15薪","['3', '5']",4.0,"['30', '50']",35.0
阿里健康,150-500人,测试开发工程师,20k-40k,5-10年,本科,朝阳区,医疗行业,"['5', '10']",7.5,"['20', '40']",25.0
北京和风畅想科技有限公司,15-50人,测试开发工程师,20k-40k,1-3年,本科,朝阳区,"行业前景好,个人成长快,团队氛围佳,薪资丰厚","['1', '3']",2.0,"['20', '40']",25.0
便利蜂,2000人以上,测试开发工程师(J11970),20k-40k,3-5年,本科,朝阳区,机会多多,"['3', '5']",4.0,"['20', '40']",25.0
易到用车,500-2000人,测试开发工程师,15k-25k,3-5年,本科,东城区,年底双薪 弹性上班,"['3', '5']",4.0,"['15', '25']",17.5
投中信息,150-500人,测试开发工程师,20k-35k,3-5年,本科,东城区,"行业领先,六险一金,多种福利,领导好","['3', '5']",4.0,"['20', '35']",23.75
字节跳动,2000人以上,测试开发工程师-广告系统,20k-40k,应届毕业生,本科,海淀区,六险一金，弹性工作，免费三餐，租房补贴,[],0.0,"['20', '40']",25.0
伴鱼口语,500-2000人,测试开发工程师(J10007),30k-45k,3-5年,本科,朝阳区,"产品牛,氛围好,团队好,福利高","['3', '5']",4.0,"['30', '45']",33.75
贝壳,2000人以上,测试开发工程师,18k-30k,3-5年,本科,海淀区,六险二金，带薪年假,"['3', '5']",4.0,"['18', '30']",21.0
字节跳动,2000人以上,测试开发工程师-校招,20k-26k,应届毕业生,本科,海淀区,六险一金，弹性工作，免费三餐，租房补贴,[],0.0,"['20', '26']",21.5
凯叔讲故事,150-500人,测试开发工程师,20k-30k,1-3年,本科,朝阳区,"高薪,高福利","['1', '3']",2.0,"['20', '30']",22.5
绿湾,150-500人,测试开发工程师,20k-30k,3-5年,本科,海淀区,"成长空间,团队氛围,开放,分享","['3', '5']",4.0,"['20', '30']",22.5
Aibee,50-150人,测试开发工程师,15k-30k,3-5年,本科,海淀区,"技术大牛,创业氛围,福利丰厚","['3', '5']",4.0,"['15', '30']",18.75
Momenta,150-500人,测试开发工程师-北京,25k-45k,不限,硕士,海淀区,一日三餐、免费健身房、自动驾驶独角兽,[],0.0,"['25', '45']",30.0
爱奇艺,2000人以上,校招-测试开发工程师,10k-20k,应届毕业生,本科,海淀区,成长快,[],0.0,"['10', '20']",12.5
北京和风畅想科技有限公司,15-50人,测试开发工程师-区块链方向,20k-40k,1-3年,本科,朝阳区,"行业前景好,技术实力强,环境宽松","['1', '3']",2.0,"['20', '40']",25.0
去哪儿网,2000人以上,测试开发工程师-市场营销部(J12874),15k-25k,1-3年,本科,海淀区,氛围好,"['1', '3']",2.0,"['15', '25']",17.5
松果出行,150-500人,资深测试开发工程师,25k-50k,5-10年,本科,朝阳区,成长空间大，节日福利，五险一金，员工体检,"['5', '10']",7.5,"['25', '50']",31.25
商汤科技,2000人以上,高级测试开发工程师,20k-40k,3-5年,本科,海淀区,薪酬福利好、技术大牛多、发展快、核心团队,"['3', '5']",4.0,"['20', '40']",25.0
Face++,500-2000人,高级测试开发工程师,20k-35k,5-10年,本科,海淀区,"大牛多,挑战大","['5', '10']",7.5,"['20', '35']",23.75
伴鱼口语,500-2000人,测试开发-leader,30k-60k,5-10年,本科,朝阳区,"产品牛,氛围好,空间大,福利高","['5', '10']",7.5,"['30', '60']",37.5
微聚未来,500-2000人,高级测试开发工程师,15k-25k,3-5年,不限,海淀区,"牛人团队,带薪年假,16薪考核,快速成长","['3', '5']",4.0,"['15', '25']",17.5
有利网,2000人以上,测试开发工程师,20k-35k,3-5年,本科,海淀区,"公司环境好,薪资优厚,团队稳定","['3', '5']",4.0,"['20', '35']",23.75
贝壳,2000人以上,高级测试开发工程师,20k-40k,3-5年,本科,海淀区,"扁平管理,六险二金,免费三餐,弹性工作","['3', '5']",4.0,"['20', '40']",25.0
去哪儿网,2000人以上,测试开发工程师-机票事业部,30k-45k,5-10年,本科,海淀区,16-21薪,"['5', '10']",7.5,"['30', '45']",33.75
字节跳动,2000人以上,测试开发工程师,20k-40k,3-5年,本科,海淀区,六险一金，弹性工作，免费三餐，租房补贴，带薪休假，休闲下午茶，扁平管理，健身瑜伽，过亿用户，职业大牛，晋升空间，团队氛围好，优厚薪资,"['3', '5']",4.0,"['20', '40']",25.0
Face++,500-2000人,资深测试开发工程师,25k-50k,5-10年,本科,海淀区,大牛云集，弹性工作,"['5', '10']",7.5,"['25', '50']",31.25
波场TRON,150-500人,测试开发工程师,20k-40k,3-5年,本科,海淀区,"区块链技术,国际化团队,技术大牛,发展前景好","['3', '5']",4.0,"['20', '40']",25.0
NIO蔚来,2000人以上,高级测试开发工程师,20k-40k,3-5年,本科,朝阳区,"六险一金,弹性办公,租房补贴,弹性办公","['3', '5']",4.0,"['20', '40']",25.0
雪球,150-500人,资深测试开发工程师,20k-28k,3-5年,本科,朝阳区,六险一金,"['3', '5']",4.0,"['20', '28']",22.0
玖富集团,2000人以上,高级测试开发工程师,20k-30k,5-10年,本科,朝阳区,"大平台,成长迅速","['5', '10']",7.5,"['20', '30']",22.5
好未来,2000人以上,资深测试开发,30k-60k,5-10年,本科,海淀区,福利好待遇优,"['5', '10']",7.5,"['30', '60']",37.5
花椒直播,150-500人,移动测试开发工程师,15k-25k,3-5年,本科,朝阳区,"大牛带队,餐补车补,六险一金","['3', '5']",4.0,"['15', '25']",17.5
喜马拉雅,500-2000人,测试开发工程师,15k-20k,3-5年,本科,朝阳区,音频独角兽 互联网 扁平化 高成长,"['3', '5']",4.0,"['15', '20']",16.25
汽车之家,2000人以上,测试开发工程师,13k-20k,5-10年,本科,海淀区,Linux,"['5', '10']",7.5,"['13', '20']",14.75
搜狗,2000人以上,商业基础工程-测试开发工程师,15k-30k,3-5年,本科,海淀区,全栈测试开发 业界技术牛人 DevOps实践,"['3', '5']",4.0,"['15', '30']",18.75
GrowingIO,150-500人,移动端测试开发工程师,20k-35k,3-5年,本科,朝阳区,期权激励、硅谷文化、牛人共事、技术驱动,"['3', '5']",4.0,"['20', '35']",23.75
闪银奇异,500-2000人,高级测试开发,25k-45k,5-10年,本科,朝阳区,七险一金 免费餐饮 海外团建 专业团队,"['5', '10']",7.5,"['25', '45']",30.0
贝壳,2000人以上,资深测试开发工程师,25k-40k,5-10年,本科,海淀区,"公司氛围好,内部成长快,免费三餐,15薪","['5', '10']",7.5,"['25', '40']",28.75
字节跳动,2000人以上,测试开发工程师【校招】,15k-25k,应届毕业生,本科,东城区,六险一金，弹性工作，免费三餐，餐补,[],0.0,"['15', '25']",17.5
好未来,2000人以上,测试开发专家,30k-60k,5-10年,不限,海淀区,福利好待遇优,"['5', '10']",7.5,"['30', '60']",37.5
去哪儿网,2000人以上,高级测试开发工程师-金融事业部(J10609),15k-30k,5-10年,本科,海淀区,福利待遇好,"['5', '10']",7.5,"['15', '30']",18.75
爱奇艺,2000人以上,测试开发工程师,15k-30k,5-10年,本科,海淀区,项目绩效奖金，带薪年假,"['5', '10']",7.5,"['15', '30']",18.75
宜信,2000人以上,测试开发工程师,15k-22k,1-3年,本科,朝阳区,"六险一金,紧邻地铁,弹性工作","['1', '3']",2.0,"['15', '22']",16.75
阿里巴巴-高德,2000人以上,测试开发工程师,30k-50k,3-5年,本科,朝阳区,福利待遇、发展前景,"['3', '5']",4.0,"['30', '50']",35.0
和创科技（红圈营销）,500-2000人,测试开发专家,20k-40k,5-10年,本科,西城区,大牛云集,"['5', '10']",7.5,"['20', '40']",25.0
京东集团,2000人以上,测试开发工程师,30k-50k,5-10年,本科,通州区,餐补，带薪年假，免费班车，节日福利,"['5', '10']",7.5,"['30', '50']",35.0
搜狗,2000人以上,搜狗PC输入法-测试开发工程师,20k-40k,3-5年,本科,海淀区,"搜狗输入法,团队氛围好,核心项目","['3', '5']",4.0,"['20', '40']",25.0
北京八维研修学院,2000人以上,测试开发工程师,15k-25k,5-10年,大专,海淀区,"五险一金,带薪年假","['5', '10']",7.5,"['15', '25']",17.5
卓越运维,500-2000人,测试开发工程师,14k-18k,3-5年,本科,海淀区,"人工智能,数据驱动化,办公氛围好,大牛多","['3', '5']",4.0,"['14', '18']",15.0
金山办公软件,2000人以上,测试开发工程师,15k-25k,3-5年,本科,海淀区,"免费三餐,免费健身房,各种团建,六险一金","['3', '5']",4.0,"['15', '25']",17.5
美菜网,2000人以上,测试开发工程师,15k-25k,3-5年,本科,朝阳区,"E轮融资,规模大,环境好,领导好","['3', '5']",4.0,"['15', '25']",17.5
贝壳,2000人以上,测试开发Leader,30k-50k,5-10年,本科,海淀区,"弹性工作制,带薪年假,办公环境优,薪资福利好","['5', '10']",7.5,"['30', '50']",35.0
去哪儿网,2000人以上,高级测试开发工程师-机票事业部,15k-25k,3-5年,本科,海淀区,年16薪，带薪年假、节假日福利、双休,"['3', '5']",4.0,"['15', '25']",17.5
京东集团,2000人以上,测试开发工程师,20k-40k,5-10年,本科,大兴区,"平台大,环境好,最多5个字,最多5个字","['5', '10']",7.5,"['20', '40']",25.0
好未来,2000人以上,大数据测试开发工程师,35k-55k,5-10年,本科,海淀区,"发展空间大,福利待遇优","['5', '10']",7.5,"['35', '55']",40.0
京东数字科技,2000人以上,测试开发工程师,15k-30k,1年以下,本科,大兴区,"班车,餐补",['1'],1.0,"['15', '30']",18.75
汽车之家,2000人以上,测试开发,18k-30k,5-10年,本科,海淀区,"年底多薪,定期体检","['5', '10']",7.5,"['18', '30']",21.0
蓝信移动（北京）科技有限公司,150-500人,测试开发工程师,13k-20k,1-3年,本科,朝阳区,五险一金、弹性工作、周末 双休,"['1', '3']",2.0,"['13', '20']",14.75
滴滴出行,2000人以上,高级测试开发工程师(J180822001),20k-40k,5-10年,本科,海淀区,专业团队，薪酬福利，成长机会,"['5', '10']",7.5,"['20', '40']",25.0
搜狗,2000人以上,搜狗PC浏览器-测试开发工程师,20k-40k,1-3年,本科,海淀区,"领先行业,测试开发,发展空间大,资源丰富","['1', '3']",2.0,"['20', '40']",25.0
百度视频,150-500人,测试开发工程师,15k-25k,3-5年,本科,海淀区,"团队优秀,六险一金,年终奖金","['3', '5']",4.0,"['15', '25']",17.5
作业帮,2000人以上,资深测试开发工程师,25k-40k,5-10年,本科,海淀区,"技术+管理,大平台","['5', '10']",7.5,"['25', '40']",28.75
必要商城,150-500人,测试开发工程师,17k-28k,3-5年,本科,朝阳区,"测试大牛,六险一金,技术分享,盈利平台","['3', '5']",4.0,"['17', '28']",19.75
CDS,150-500人,高级测试开发工程师,15k-30k,5-10年,本科,海淀区,上市公司,"['5', '10']",7.5,"['15', '30']",18.75
小源科技,150-500人,测试开发工程师,8k-16k,3-5年,本科,朝阳区,"行业新,发展快,领导好","['3', '5']",4.0,"['8', '16']",10.0
贝壳,2000人以上,测试开发,25k-45k,5-10年,本科,海淀区,六险二金 免费三餐 15-18薪,"['5', '10']",7.5,"['25', '45']",30.0
京东集团,2000人以上,测试开发工程师--业务研发,15k-25k,3-5年,本科,朝阳区,"交易计费,需求评审","['3', '5']",4.0,"['15', '25']",17.5
搜狗,2000人以上,网页搜索-测试开发工程师,15k-25k,1-3年,本科,海淀区,核心团队,"['1', '3']",2.0,"['15', '25']",17.5
爱奇艺,2000人以上,测试开发工程师岗,25k-50k,不限,本科,海淀区,成长快,[],0.0,"['25', '50']",31.25
INK 银客集团,500-2000人,高级测试开发工程师,15k-30k,3-5年,本科,海淀区,"牛人团队,带薪年假,16薪考核,快速成长","['3', '5']",4.0,"['15', '30']",18.75
格灵深瞳,150-500人,测试开发工程师,20k-30k,不限,本科,海淀区,六险一金 弹性工作 餐补,[],0.0,"['20', '30']",22.5
商汤科技,2000人以上,高级测试开发工程师,20k-40k,3-5年,本科,海淀区,"AI独角兽,公司前景好","['3', '5']",4.0,"['20', '40']",25.0
DataFountain,15-50人,测试开发工程师,15k-25k,1-3年,本科,海淀区,"14薪,海外团建,气氛活跃,弹性工作","['1', '3']",2.0,"['15', '25']",17.5
易点租,500-2000人,测试开发工程师,20k-40k,3-5年,本科,海淀区,测试开发,"['3', '5']",4.0,"['20', '40']",25.0
四方启点,150-500人,自动化测试开发工程师,17k-25k,1年以下,本科,海淀区,"福利好,待遇佳,地铁周边",['1'],1.0,"['17', '25']",19.0
瑞银信,2000人以上,测试开发工程师,10k-20k,1-3年,本科,朝阳区,"五险一金,每月补贴,节日福利,定期体检","['1', '3']",2.0,"['10', '20']",12.5
美团点评,2000人以上,高级测试开发工程师,25K-40K,5-10年,本科,朝阳区,工作时间弹性制，期权股票，新业务,"['5', '10']",7.5,"['25', '40']",28.75
猿辅导,500-2000人,测试开发工程师,18k-36k,3-5年,本科,朝阳区,五险一金，发展空间大，大牛团队,"['3', '5']",4.0,"['18', '36']",22.5
字节跳动,2000人以上,测试开发工程师-抖音/火山,20k-40k,3-5年,本科,海淀区,六险一金，高薪期权，弹性工作，免费三餐，租房补贴，带薪休假，扁平管理，职业大牛，晋升空间,"['3', '5']",4.0,"['20', '40']",25.0
京东集团,2000人以上,测试开发工程师--企业ID,15k-25k,3-5年,本科,朝阳区,产品测试,"['3', '5']",4.0,"['15', '25']",17.5
瓜子二手车直卖网,2000人以上,资深测试开发工程师,30k-50k,5-10年,本科,海淀区,"平台大,团队好,技术提升快,技术牛","['5', '10']",7.5,"['30', '50']",35.0
退思科技,50-150人,测试开发工程师,30k-40k,5-10年,本科,海淀区,福利好，加班少，技术大牛多，提升空间大,"['5', '10']",7.5,"['30', '40']",32.5
灵克思（北京）,50-150人,测试开发工程师,10k-15k,3-5年,本科,海淀区,周末双休、五险一金、不加班、,"['3', '5']",4.0,"['10', '15']",11.25
花椒直播,150-500人,服务端测试开发工程师,15k-25k,3-5年,本科,朝阳区,"大牛带队,餐补车补,六险一金","['3', '5']",4.0,"['15', '25']",17.5
竞技世界,500-2000人,测试开发工程师,18k-30k,3-5年,本科,海淀区,"过节费,年终奖金,年度旅游,健身房","['3', '5']",4.0,"['18', '30']",21.0
贝壳,2000人以上,服务端方向测试开发工程师,20k-40k,1-3年,本科,海淀区,年底三薪，三餐免费,"['1', '3']",2.0,"['20', '40']",25.0
小猪短租,150-500人,测试开发工程师(J10165),25k-30k,1-3年,本科,海淀区,"领导好,发展空间大,轻松氛围,扁平管理","['1', '3']",2.0,"['25', '30']",26.25
绿湾,150-500人,测试开发工程师,10k-15k,应届毕业生,本科,海淀区,"学习分享,晋升空间,出国团建,年底双薪",[],0.0,"['10', '15']",11.25
搜狗,2000人以上,搜狗手机浏览器-测试开发工程师,15k-25k,1-3年,本科,海淀区,公司前景好、团队氛围好，成长空间大,"['1', '3']",2.0,"['15', '25']",17.5
一点资讯,500-2000人,测试开发工程师,15k-25k,3-5年,本科,朝阳区,精英团队、股票期权、弹性工作、发展空间大,"['3', '5']",4.0,"['15', '25']",17.5
The ONE,500-2000人,测试开发工程师,15k-25k,3-5年,本科,朝阳区,"免费午晚餐,绩效奖金,交通补助,弹性工时","['3', '5']",4.0,"['15', '25']",17.5
美团点评,2000人以上,高级测试开发工程师,25k-40k,3-5年,本科,朝阳区,"大平台,快速发展,大牛多,前景好","['3', '5']",4.0,"['25', '40']",28.75
好未来,2000人以上,AI测试开发工程师 - Godeye,20k-35k,3-5年,本科,海淀区,团队氛围好,"['3', '5']",4.0,"['20', '35']",23.75
字节跳动,2000人以上,测试开发工程师-AI 图像方向,25k-50k,3-5年,本科,海淀区,六险一金，高薪期权，弹性工作，免费三餐,"['3', '5']",4.0,"['25', '50']",31.25
京东集团,2000人以上,测试开发工程师--iaas,20k-40k,3-5年,本科,朝阳区,测试方案,"['3', '5']",4.0,"['20', '40']",25.0
爱奇艺,2000人以上,测试开发工程师,15k-30k,3-5年,本科,海淀区,大平台,"['3', '5']",4.0,"['15', '30']",18.75
途家网,500-2000人,测试开发工程师,18k-35k,1-3年,本科,朝阳区,"六险一金,部门旅游,晋升空间,行业独角兽","['1', '3']",2.0,"['18', '35']",22.25
理财魔方,50-150人,测试开发工程师,8k-15k,不限,本科,海淀区,"大数据,自动化,牛人团队",[],0.0,"['8', '15']",9.75
京东数字科技,2000人以上,高级测试开发工程师,15k-30k,3-5年,本科,大兴区,"班车,餐补","['3', '5']",4.0,"['15', '30']",18.75
中公教育,2000人以上,高级测试开发工程师,15k-30k,5-10年,本科,海淀区,"平台大,前景好","['5', '10']",7.5,"['15', '30']",18.75
汽车之家,2000人以上,测试开发高级工程师,20k-35k,5-10年,本科,海淀区,"平台大,福利优渥","['5', '10']",7.5,"['20', '35']",23.75
REDEFINE,150-500人,测试开发工程师,15k-30k,3-5年,不限,朝阳区,六险一金，期权，行业大牛，出海项目,"['3', '5']",4.0,"['15', '30']",18.75
51VV,150-500人,测试开发工程师,18k-35k,3-5年,本科,朝阳区,"大牛多,技术氛围强,平台靠谱,福利不错呢","['3', '5']",4.0,"['18', '35']",22.25
百度,2000人以上,AI测试部_测试开发工程师,19k-25k,1-3年,本科,海淀区,福利待遇好，班车,"['1', '3']",2.0,"['19', '25']",20.5
每日优鲜,500-2000人,测试开发工程师,25k-35k,3-5年,本科,朝阳区,领导nice、发展空间大,"['3', '5']",4.0,"['25', '35']",27.5
包银消费金融,150-500人,测试开发工程师(J10157),10k-20k,3-5年,本科,朝阳区,"六险一金,年终奖,节日福利","['3', '5']",4.0,"['10', '20']",12.5
退思科技,50-150人,测试开发工程师,20k-40k,3-5年,本科,海淀区,薪资待遇,"['3', '5']",4.0,"['20', '40']",25.0
乐融集团,2000人以上,移动测试开发工程师,16k-24k,3-5年,本科,朝阳区,午餐补助、交通补助、通讯补助、免费加班餐,"['3', '5']",4.0,"['16', '24']",18.0
字节跳动,2000人以上,测试开发工程师-网络方向,20k-40k,3-5年,本科,海淀区,六险一金，高薪期权，免费三餐，租房补贴,"['3', '5']",4.0,"['20', '40']",25.0
京东数字科技,2000人以上,高级测试开发工程师,15k-30k,3-5年,本科,大兴区,"班车,餐补","['3', '5']",4.0,"['15', '30']",18.75
美团点评,2000人以上,测试开发工程师/专家/测试经理,23k-45k,3-5年,本科,朝阳区,"大平台,发展前景","['3', '5']",4.0,"['23', '45']",28.5
云畅游戏,150-500人,测试开发工程师,15k-25k,3-5年,本科,朝阳区,试用期全薪,"['3', '5']",4.0,"['15', '25']",17.5
北京泽石科技有限公司,50-150人,测试开发工程师,8k-15k,1-3年,本科,海淀区,发展前景好，带薪年假，周末双休，通勤方便,"['1', '3']",2.0,"['8', '15']",9.75
FreeWheel,500-2000人,资深测试开发工程师,23k-34k,3-5年,本科,朝阳区,"美资互联网,技术导向,硅谷文化,英文环境","['3', '5']",4.0,"['23', '34']",25.75
奇虎360金融,500-2000人,服务端测试开发工程师,15k-30k,3-5年,不限,朝阳区,优秀团队 优秀项目,"['3', '5']",4.0,"['15', '30']",18.75
卓尔电商集团,500-2000人,测试开发工程师,22k-38k,3-5年,本科,朝阳区,"上市公司,领导好,团队氛围好","['3', '5']",4.0,"['22', '38']",26.0
有赞,2000人以上,测试开发工程师（支付事业部）-北京-00327,15k-30k,3-5年,本科,朝阳区,福利好待遇佳，团队氛围好，有技术大牛,"['3', '5']",4.0,"['15', '30']",18.75
融360,500-2000人,测试开发工程师,21k-30k,1-3年,本科,海淀区,"工作居住证,年终奖,发展空间,福利好","['1', '3']",2.0,"['21', '30']",23.25
北京和风畅想科技有限公司,15-50人,测试开发工程师,20k-40k,1-3年,本科,朝阳区,大牛导师多，学习机会丰富，企业氛围好,"['1', '3']",2.0,"['20', '40']",25.0
茄子快传,150-500人,测试开发工程师,20k-40k,3-5年,不限,海淀区,年底双薪,"['3', '5']",4.0,"['20', '40']",25.0
小米,2000人以上,产线测试开发工程师（MTE）-生态链,10k-20k,不限,不限,海淀区,生产测试技术开发经验,[],0.0,"['10', '20']",12.5
京东集团,2000人以上,高级测试开发工程师-移动端,25k-50k,不限,本科,大兴区,"班车,周末双休,健身房,饭补",[],0.0,"['25', '50']",31.25
宜信,2000人以上,测试开发工程师（北京）,15k-30k,3-5年,本科,朝阳区,核心团队、发展空间大,"['3', '5']",4.0,"['15', '30']",18.75
字节跳动,2000人以上,测试开发工程师-客户端专项,20k-40k,3-5年,本科,海淀区,六险一金，弹性工作，免费三餐，租房补贴,"['3', '5']",4.0,"['20', '40']",25.0
美团点评,2000人以上,测试开发工程师/专家/测试经理,20k-40k,3-5年,本科,朝阳区,大平台，专业团队 发展空间,"['3', '5']",4.0,"['20', '40']",25.0
京东数字科技,2000人以上,测试开发工程师-L00297,15k-30k,3-5年,本科,大兴区,班车；餐补,"['3', '5']",4.0,"['15', '30']",18.75
瓜子二手车直卖网,2000人以上,测试开发工程师,20k-40k,3-5年,本科,海淀区,"平台大,团队牛,技术好,个人成长快","['3', '5']",4.0,"['20', '40']",25.0
第四范式,500-2000人,测试开发工程师,20k-30k,3-5年,本科,海淀区,六险一金,"['3', '5']",4.0,"['20', '30']",22.5
作业帮,2000人以上,资深测试开发工程师,18k-35k,3-5年,本科,海淀区,"七险一金,免费三餐,团队氛围好,年底双薪","['3', '5']",4.0,"['18', '35']",22.25
诸葛找房网,150-500人,测试开发工程师,18k-25k,3-5年,不限,朝阳区,"发展空间大,有大牛相伴","['3', '5']",4.0,"['18', '25']",19.75
京东集团,2000人以上,高级 测试开发工程师岗,15k-30k,5-10年,本科,大兴区,"14薪,免费班车","['5', '10']",7.5,"['15', '30']",18.75
猿辅导,500-2000人,测试开发工程师,15k-30k,1-3年,不限,朝阳区,"精英团队,独角兽公司,扁平化管理,出国旅游","['1', '3']",2.0,"['15', '30']",18.75
百度,2000人以上,测试开发工程师,15k-25k,1-3年,本科,海淀区,百度,"['1', '3']",2.0,"['15', '25']",17.5
猫眼电影,500-2000人,测试开发工程师,15k-30k,3-5年,本科,东城区,扁平管理、高成长,"['3', '5']",4.0,"['15', '30']",18.75
智蓝信息,150-500人,测试开发,13k-25k,3-5年,本科,海淀区,待遇优厚，大平台,"['3', '5']",4.0,"['13', '25']",16.0
滴滴出行,2000人以上,高级测试开发工程师,20k-40k,3-5年,本科,海淀区,"核心业务,团队氛围好,员工福利好","['3', '5']",4.0,"['20', '40']",25.0
VIPKID,2000人以上,测试开发工程师(J10089),25k-30k,3-5年,本科,东城区,六险一金 交通便利,"['3', '5']",4.0,"['25', '30']",26.25
陌陌,500-2000人,测试开发工程师,15k-30k,3-5年,本科,朝阳区,"完善的福利,竞争力薪酬,技术氛围好,上升空间大","['3', '5']",4.0,"['15', '30']",18.75
字节跳动,2000人以上,高级测试开发工程师,25k-45k,3-5年,本科,海淀区,六险一金，弹性工作，免费三餐，租房补贴，休闲下午茶，团队氛围好，优厚薪资,"['3', '5']",4.0,"['25', '45']",30.0
美团点评,2000人以上,高级测试开发工程师,25k-45k,3-5年,本科,朝阳区,"超值期权,丰厚福利,爆发机会,大牛团队","['3', '5']",4.0,"['25', '45']",30.0
京东集团,2000人以上,高级测试开发工程师-服务端,25k-50k,不限,本科,大兴区,"班车,周末双休,饭补,健身房",[],0.0,"['25', '50']",31.25
一点资讯,500-2000人,资深测试开发工程师,30k-50k,5-10年,本科,朝阳区,精英团队、股票期权、弹性工作、发展空间大,"['5', '10']",7.5,"['30', '50']",35.0
多贝网,50-150人,软件测试开发工程师,20k-30k,3-5年,本科,海淀区,"六险一金,极客氛围,不打卡,免费午餐","['3', '5']",4.0,"['20', '30']",22.5
滴滴出行,2000人以上,测试开发专家(J180712001),20k-40k,3-5年,本科,海淀区,领导nice，团队合作，薪资福利,"['3', '5']",4.0,"['20', '40']",25.0
乐融集团,2000人以上,客户端测试开发工程师,15k-30k,3-5年,本科,朝阳区,优秀团队、技术氛围,"['3', '5']",4.0,"['15', '30']",18.75
勇创装潢,2000人以上,高级测试开发工程师,25k-50k,3-5年,本科,朝阳区,上市公司16薪 p7p8p9六险一金,"['3', '5']",4.0,"['25', '50']",31.25
悠易,150-500人,高级测试开发工程师 测试开发,15k-25k,3-5年,本科,朝阳区,"行业领先,大牛导师,技术驱动,海外年会","['3', '5']",4.0,"['15', '25']",17.5
波场TRON,150-500人,测试开发工程师,15k-20k,1-3年,本科,海淀区,技术大牛 五险一金 区块链技术,"['1', '3']",2.0,"['15', '20']",16.25
NIO蔚来,2000人以上,服务端测试开发工程师(车联网),20k-40k,3-5年,本科,朝阳区,"六险一金,弹性办公,租房补贴,学霸团队","['3', '5']",4.0,"['20', '40']",25.0
百度,2000人以上,AI测试部_测试开发工程师,15k-23k,1-3年,本科,海淀区,"平台大,机会多","['1', '3']",2.0,"['15', '23']",17.0
贝壳,2000人以上,硬件测试开发工程师,25k-35k,5-10年,本科,海淀区,"公司氛围好,内部成长快,免费三餐,15薪","['5', '10']",7.5,"['25', '35']",27.5
玩加电竞,15-50人,测试开发工程师,8k-16k,1-3年,本科,朝阳区,"五险一金,年底双薪,弹性工作","['1', '3']",2.0,"['8', '16']",10.0
便利蜂,2000人以上,测试开发工程师,20k-35k,3-5年,本科,朝阳区,大牛带,"['3', '5']",4.0,"['20', '35']",23.75
美团点评,2000人以上,闪购事业部-测试开发专家-服务端,20k-40k,5-10年,本科,朝阳区,新业务，发展空间大，大牛云集,"['5', '10']",7.5,"['20', '40']",25.0
搜狗,2000人以上,搜狗手机输入法-测试开发工程师,15k-25k,1-3年,本科,海淀区,公司前景好 发展空间大 团队氛围好,"['1', '3']",2.0,"['15', '25']",17.5
聪明核桃教育,150-500人,测试开发工程师,18k-30k,5-10年,本科,海淀区,氛围好 成长快 技能培训,"['5', '10']",7.5,"['18', '30']",21.0
贝壳,2000人以上,硬件测试开发工程师,25k-30k,3-5年,本科,海淀区,六险二金，带薪年假,"['3', '5']",4.0,"['25', '30']",26.25
阿里妈妈,500-2000人,高级测试开发工程师,25K-50K,3-5年,本科,朝阳区,大平台，重要业务，股票期权年底双薪年终奖,"['3', '5']",4.0,"['25', '50']",31.25
猿辅导,500-2000人,测试开发工程师,15k-30k,3-5年,本科,朝阳区,不打卡 7天年假 五一九天假 国外游,"['3', '5']",4.0,"['15', '30']",18.75
阿里文娱,2000人以上,高级测试开发工程师/测试开发专家,25k-50k,3-5年,本科,朝阳区,"发展平台,技术氛围","['3', '5']",4.0,"['25', '50']",31.25
腾讯,2000人以上,高级测试开发工程师,30k-50k,3-5年,本科,海淀区,技术大咖,"['3', '5']",4.0,"['30', '50']",35.0
创新奇智,150-500人,测试开发工程师,12k-24k,3-5年,本科,海淀区,"顶尖大牛,免费午餐,商业资源多,不打卡","['3', '5']",4.0,"['12', '24']",15.0
智融集团,150-500人,测试开发工程师,20k-40k,不限,本科,海淀区,六险一金、上升空间、大牛云集、快速发展,[],0.0,"['20', '40']",25.0
饿了么星选,2000人以上,高级测试开发工程师,20k-40k,3-5年,本科,海淀区,技术氛围好，薪资待遇高，弹性工作制,"['3', '5']",4.0,"['20', '40']",25.0
京东集团,2000人以上,测试开发Leader,40k-65k,5-10年,本科,朝阳区,"500强,大平台","['5', '10']",7.5,"['40', '65']",46.25
数美,150-500人,测试开发工程师,15k-30k,1-3年,本科,朝阳区,"弹性工作,七险一金,大牛云集,晋升空间大","['1', '3']",2.0,"['15', '30']",18.75
小米,2000人以上,测试开发工程师,20k-40k,1-3年,本科,海淀区,"核心部门,大牛云集,福利好","['1', '3']",2.0,"['20', '40']",25.0
美团点评,2000人以上,高级测试开发工程师,35k-45k,3-5年,本科,朝阳区,"高薪,期权","['3', '5']",4.0,"['35', '45']",37.5
滴滴出行,2000人以上,服务端测试开发工程师,25k-35k,3-5年,本科,海淀区,"团队氛围好,业务前景好,大平台,福利优渥","['3', '5']",4.0,"['25', '35']",27.5
尊嘉金控,50-150人,测试开发工程师,10k-20k,1-3年,不限,朝阳区,"技术氛围,行业前景好,大牛多,团队棒","['1', '3']",2.0,"['10', '20']",12.5
每日优鲜,500-2000人,测试开发工程师,20k-35k,3-5年,本科,朝阳区,公司有潜力,"['3', '5']",4.0,"['20', '35']",23.75
Face++,500-2000人,测试开发架构师,30k-60k,5-10年,本科,海淀区,"扁平管理,牛人团队,AI独角兽","['5', '10']",7.5,"['30', '60']",37.5
汽车之家,2000人以上,高级测试开发工程师,20k-30k,3-5年,本科,海淀区,"发展空间大,团队氛围好","['3', '5']",4.0,"['20', '30']",22.5
车和家,2000人以上,测试开发工程师,10k-20k,1-3年,本科,朝阳区,"六险一金,扁平化管理","['1', '3']",2.0,"['10', '20']",12.5
K2DATA,50-150人,软件测试开发工程师,8k-16k,1-3年,本科,海淀区,"带薪年假,行业风头,精英团队","['1', '3']",2.0,"['8', '16']",10.0
作业帮,2000人以上,高级测试开发工程师,18k-30k,3-5年,本科,海淀区,"大平台,好机会,带人,技术带头人","['3', '5']",4.0,"['18', '30']",21.0
动力畅想,500-2000人,测试开发工程师,25K-40K,3-5年,本科,朝阳区,"发展空间大,不加班,弹性工作制,有大牛","['3', '5']",4.0,"['25', '40']",28.75
阿里巴巴-高德,2000人以上,测试开发专家,30k-50k,5-10年,本科,朝阳区,福利待遇、发展前景,"['5', '10']",7.5,"['30', '50']",35.0
智融集团,150-500人,高级测试开发工程师,20k-40k,3-5年,本科,海淀区,"优秀团队,成长空间大,人工智能,工作居住证","['3', '5']",4.0,"['20', '40']",25.0
猿辅导,500-2000人,测试开发工程师-辅导研发部,20k-30k,3-5年,本科,朝阳区,弹性工作、五一9天假、年度出国游,"['3', '5']",4.0,"['20', '30']",22.5
贝壳金服,500-2000人,00192-资深测试开发工程师,18k-28k,3-5年,本科,朝阳区,五险一金等,"['3', '5']",4.0,"['18', '28']",20.5
字节跳动,2000人以上,资深测试开发工程师,30k-50k,不限,本科,海淀区,六险一金，弹性工作，免费三餐，餐补,[],0.0,"['30', '50']",35.0
美团点评,2000人以上,新零售-高级测试开发工程师-服务端,25k-45k,3-5年,本科,朝阳区,"技术沉淀快,双休,上班弹性","['3', '5']",4.0,"['25', '45']",30.0
蚂蚁金服集团,2000人以上,测试开发工程师/专家-P6/P7-蚂蚁金服财富,25k-50k,3-5年,本科,朝阳区,"顶尖团队,核心业务,氛围浓厚,成长晋升快","['3', '5']",4.0,"['25', '50']",31.25
惠金所,150-500人,测试开发工程师,15k-25k,3-5年,本科,海淀区,六险一金 弹性工作 氛围好,"['3', '5']",4.0,"['15', '25']",17.5
搜狐集团,2000人以上,测试开发工程师,15k-25k,1-3年,本科,海淀区,大数据量业务 上市公司,"['1', '3']",2.0,"['15', '25']",17.5
滴滴出行,2000人以上,服务端测试开发工程师(J181115003),23k-35k,3-5年,本科,海淀区,国际化业务 重点职位 成长快,"['3', '5']",4.0,"['23', '35']",26.0
作业帮,2000人以上,流媒体测试开发工程师,15k-30k,3-5年,本科,海淀区,福利待遇好，发展潜力好，团队氛围好,"['3', '5']",4.0,"['15', '30']",18.75
阿里文娱,2000人以上,阿里文娱-测试开发专家,25k-35k,3-5年,硕士,朝阳区,团队靠谱,"['3', '5']",4.0,"['25', '35']",27.5
DERA,50-150人,测试开发工程师,10k-20k,不限,本科,昌平区,"专业,舒适,扁平,有竞争力",[],0.0,"['10', '20']",12.5
合思咨询,150-500人,资深测试开发工程师,30k-60k,5-10年,本科,海淀区,新业务 发展空间大 薪资福利好,"['5', '10']",7.5,"['30', '60']",37.5
京东集团,2000人以上,视频云测试开发工程师,15k-30k,5-10年,本科,朝阳区,"周末双休,五险一金,免费班车,餐补","['5', '10']",7.5,"['15', '30']",18.75
闲徕互娱,500-2000人,测试开发工程师,15k-30k,3-5年,本科,朝阳区,"六险一金,绩效奖金,健身房,体检/旅游","['3', '5']",4.0,"['15', '30']",18.75
商汤科技,2000人以上,自动化测试开发工程师,15k-30k,5-10年,本科,海淀区,"人工智能,独角兽企业,技术大牛多,工作氛围好","['5', '10']",7.5,"['15', '30']",18.75
便利蜂,2000人以上,测试开发工程师,15k-30k,1-3年,本科,朝阳区,"测试,测试开发","['1', '3']",2.0,"['15', '30']",18.75
北京十一贝科技有限公司,150-500人,测试开发工程师,15k-30k,1-3年,本科,海淀区,"发展空间大,免费三餐,晋升空间大,带薪休假","['1', '3']",2.0,"['15', '30']",18.75
美团点评,2000人以上,测试开发-无人配送,20k-40k,3-5年,本科,朝阳区,免费班车,"['3', '5']",4.0,"['20', '40']",25.0
搜狐集团,2000人以上,高级测试开发工程师,17k-30k,3-5年,本科,海淀区,"待遇好,薪酬高,带薪年假,大牛多","['3', '5']",4.0,"['17', '30']",20.25
作业帮,2000人以上,测试开发工程师,10K-20K,1-3年,本科,海淀区,"大牛多,领导好,技术强,扁平管理","['1', '3']",2.0,"['10', '20']",12.5
更美APP,150-500人,测试开发工程师,10k-20k,3-5年,本科,朝阳区,"行业TOP,14薪,氛围好","['3', '5']",4.0,"['10', '20']",12.5
小米,2000人以上,测试开发工程师,15k-30k,不限,本科,海淀区,优秀的团队,[],0.0,"['15', '30']",18.75
便利蜂,2000人以上,移动端测试开发工程师,20k-30k,3-5年,本科,朝阳区,"大牛多,扁平化","['3', '5']",4.0,"['20', '30']",22.5
爱奇艺,2000人以上,测试开发工程师,15k-30k,1-3年,本科,海淀区,视频行业第一，交通便利，福利多多,"['1', '3']",2.0,"['15', '30']",18.75
瓜子二手车直卖网,2000人以上,高级测试开发工程师,18k-36k,3-5年,本科,海淀区,一线互联网公司薪资+全年最高19薪+不打卡,"['3', '5']",4.0,"['18', '36']",22.5
去哪儿网,2000人以上,测试开发工程师—平台事业部(J13014),15k-25k,3-5年,本科,海淀区,"16薪,十天年假,六险一金","['3', '5']",4.0,"['15', '25']",17.5
Zenjoy,150-500人,高级测试开发工程师,20k-30k,5-10年,本科,东城区,"六险一金,出国旅行,年底双薪,包午晚餐","['5', '10']",7.5,"['20', '30']",22.5
京东集团,2000人以上,测试开发负责人,20k-40k,5-10年,本科,通州区,五险一金；餐补；免费班车,"['5', '10']",7.5,"['20', '40']",25.0
91科技集团,150-500人,中级测试开发工程师,15k-20k,1-3年,本科,西城区,"五险一金,餐补,交补,团建","['1', '3']",2.0,"['15', '20']",16.25
字节跳动,2000人以上,测试开发工程师-广告业务,18k-36k,1-3年,本科,海淀区,"六险一金,免费三餐,租房补贴","['1', '3']",2.0,"['18', '36']",22.5
美团点评,2000人以上,测试开发工程师(客户端方向),20k-35k,3-5年,本科,朝阳区,"六险一金,餐补,班车,上升空间大","['3', '5']",4.0,"['20', '35']",23.75
去哪儿网,2000人以上,测试开发工程师—平台事业部(J12765),15k-25k,1-3年,本科,海淀区,"16薪,六险一金,十天年假","['1', '3']",2.0,"['15', '25']",17.5
小米,2000人以上,服务端测试开发工程师,20k-40k,3-5年,本科,海淀区,"核心业务,大牛云集,各种福利","['3', '5']",4.0,"['20', '40']",25.0
瓜子二手车直卖网,2000人以上,测试经理/测试开发专家,25k-50k,5-10年,本科,海淀区,15薪起+有期权+弹性工作+优秀的团队,"['5', '10']",7.5,"['25', '50']",31.25
马蜂窝,500-2000人,测试开发工程师 (MJ000524),15k-25k,3-5年,不限,朝阳区,发展空间大，氛围好,"['3', '5']",4.0,"['15', '25']",17.5
作业帮,2000人以上,测试开发工程师,10k-20k,不限,本科,海淀区,免费三餐 大平台 高成长空间,[],0.0,"['10', '20']",12.5
京东集团,2000人以上,测试开发工程师,20k-40k,5-10年,本科,通州区,五险一金；餐补；免费班车,"['5', '10']",7.5,"['20', '40']",25.0
恒昌利通,2000人以上,高级测试开发工程师,15k-30k,不限,本科,海淀区,"五险一金,绩效奖金,免费班车",[],0.0,"['15', '30']",18.75
百度,2000人以上,AI测试部_测试开发工程师 （NR新零售方向）,19k-29k,1-3年,不限,海淀区,福利待遇好，班车,"['1', '3']",2.0,"['19', '29']",21.5
滴滴出行,2000人以上,服务端测试开发工程师／架构师(J180409021,20k-40k,1年以下,本科,海淀区,五险一金，免费班车,['1'],1.0,"['20', '40']",25.0
快手,500-2000人,测试开发工程师,20k-30k,3-5年,本科,海淀区,技术氛围浓厚、住房补贴、午晚餐+下午茶,"['3', '5']",4.0,"['20', '30']",22.5
众达制冷,2000人以上,测试开发工程师,30k-50k,3-5年,本科,海淀区,人脸识别技术的先行者，创造了多个行业第一,"['3', '5']",4.0,"['30', '50']",35.0
一起科技,500-2000人,直播间测试开发工程师(直播业务),20k-40k,3-5年,本科,朝阳区,"带薪年假,环境好,定期体检,年度旅游","['3', '5']",4.0,"['20', '40']",25.0
阿里妈妈,500-2000人,测试开发专家,40k-80k,5-10年,本科,朝阳区,大平台，重要业务，股票期权年底双薪年终奖,"['5', '10']",7.5,"['40', '80']",50.0
字节跳动,2000人以上,基础设施测试开发(QA)工程师,20k-40k,1-3年,本科,海淀区,六险一金，弹性工作，免费三餐，租房补贴,"['1', '3']",2.0,"['20', '40']",25.0
美团点评,2000人以上,资深测试开发工程师,28k-42k,3-5年,本科,朝阳区,"带薪年假,大牛团队,补充商险","['3', '5']",4.0,"['28', '42']",31.5
小米,2000人以上,测试开发工程师（持续集成方向),18k-36k,5-10年,本科,海淀区,"精英团队,人工智能,大公司背景,扁平文化","['5', '10']",7.5,"['18', '36']",22.5
建信融通,50-150人,高级测试开发工程,20k-30k,1-3年,本科,西城区,"建行子公司,扁平化管理,晋升快,福利好","['1', '3']",2.0,"['20', '30']",22.5
新浪微博,2000人以上,测试开发工程师,25k-40k,3-5年,本科,海淀区,年底双薪、五险一金、绩效奖金、餐补,"['3', '5']",4.0,"['25', '40']",28.75
阿里文娱,2000人以上,测试开发高级工程师-北京,20k-40k,3-5年,本科,海淀区,平台+项目体量+技术锤炼+薪酬福利,"['3', '5']",4.0,"['20', '40']",25.0
盈泰财富云,500-2000人,测试开发工程师,14k-25k,3-5年,本科,东城区,"测试开发,互联网金融,流程规范,技术型团队","['3', '5']",4.0,"['14', '25']",16.75
幸福消费金融,150-500人,高级测试开发工程师,15k-30k,3-5年,本科,朝阳区,"持牌经营,牛人团队,竞争力薪酬,福利优越","['3', '5']",4.0,"['15', '30']",18.75
新浪网,2000人以上,测试开发工程师,15k-30k,1-3年,本科,海淀区,绩效奖金 带薪年假 午餐补助 五险一金,"['1', '3']",2.0,"['15', '30']",18.75
百度,2000人以上,【百度AIG】AI测试部_NR测试开发工程师,20k-30k,1-3年,本科,海淀区,福利待遇好，班车,"['1', '3']",2.0,"['20', '30']",22.5
陌陌,500-2000人,测试开发专家,35k-55k,5-10年,本科,朝阳区,成长空间大,"['5', '10']",7.5,"['35', '55']",40.0
千挑惠选,150-500人,高级测试开发工程师,30k-60k,3-5年,本科,东城区,一经录用，待遇丰厚,"['3', '5']",4.0,"['30', '60']",37.5
作业帮,2000人以上,高级测试开发工程师,18k-30k,3-5年,本科,海淀区,"大平台,好机会,带人,技术带头人","['3', '5']",4.0,"['18', '30']",21.0
贝壳金服,500-2000人,高级测试开发工程师,20k-40k,5-10年,不限,海淀区,"六险一金,支付牌照","['5', '10']",7.5,"['20', '40']",25.0
网易,2000人以上,资深测试开发工程师,26k-52k,5-10年,本科,海淀区,"核心业务,优秀团队,技术大牛","['5', '10']",7.5,"['26', '52']",32.5
字节跳动,2000人以上,（高级）测试开发工程师-平台方向,15k-30k,3-5年,本科,海淀区,免费三餐，职业大牛，住房补贴,"['3', '5']",4.0,"['15', '30']",18.75
美团点评,2000人以上,资深测试开发工程师,35k-50k,5-10年,本科,朝阳区,"核心业务,六险一金,大平台","['5', '10']",7.5,"['35', '50']",38.75
百度,2000人以上,测试开发工程师,15k-30k,不限,本科,海淀区,"平台大,成长快,与牛人为伍",[],0.0,"['15', '30']",18.75
猫眼电影,500-2000人,测试开发工程师-北京,12k-20k,应届毕业生,本科,东城区,高成长,[],0.0,"['12', '20']",14.0
蚂蚁金服集团,2000人以上,测试开发,25k-50k,3-5年,不限,朝阳区,弹性工作时间 期权激励 BAT,"['3', '5']",4.0,"['25', '50']",31.25
滴滴出行,2000人以上,服务端测试开发工程师／架构师,20k-40k,5-10年,本科,海淀区,"待遇好,团队氛围好,前景广阔","['5', '10']",7.5,"['20', '40']",25.0
Ocean,50-150人,测试开发负责人,40k-80k,应届毕业生,本科,海淀区,大平台,[],0.0,"['40', '80']",50.0
猿辅导,500-2000人,测试开发工程师,15k-30k,不限,本科,朝阳区,"出国团建,免费健身房,不打卡,超多假期",[],0.0,"['15', '30']",18.75
马蜂窝,500-2000人,测试开发工程师 (MJ000581),15k-25k,3-5年,本科,朝阳区,核心团队，六险一金，班车食堂,"['3', '5']",4.0,"['15', '25']",17.5
百纳传媒,2000人以上,测试开发工程师,25k-50k,不限,本科,海淀区,五险一金 年终福利 下午茶 健身房,[],0.0,"['25', '50']",31.25
微壳,150-500人,高级测试开发工程师,30k-60k,3-5年,本科,朝阳区,"16薪,知名企业,学霸集中营,七险一金","['3', '5']",4.0,"['30', '60']",37.5
嘀嗒出行,150-500人,测试开发工程师,8k-15k,应届毕业生,本科,朝阳区,"老板好,环境棒,团队给力",[],0.0,"['8', '15']",9.75
广联达科技,500-2000人,测试开发工程师,25k-40k,5-10年,本科,海淀区,"gtest,白盒测试,测试开发,API测试","['5', '10']",7.5,"['25', '40']",28.75
好未来,2000人以上,AI-语音算法测试开发工程师,25k-40k,3-5年,本科,海淀区,团队氛围好,"['3', '5']",4.0,"['25', '40']",28.75
字节跳动,2000人以上,测试开发工程师-企业应用产品,15k-30k,1-3年,本科,海淀区,六险一金，弹性工作，免费三餐，租房补贴,"['1', '3']",2.0,"['15', '30']",18.75
美团点评,2000人以上,高级测试开发工程师,25k-50k,5-10年,本科,朝阳区,"团队氛围好,技术氛围浓,平台业务","['5', '10']",7.5,"['25', '50']",31.25
滴滴出行,2000人以上,服务端测试开发工程师／架构师,20k-40k,1-3年,本科,海淀区,五险一金，免费班车,"['1', '3']",2.0,"['20', '40']",25.0
映客,500-2000人,测试开发,10k-20k,应届毕业生,本科,朝阳区,技术大牛,[],0.0,"['10', '20']",12.5
京东集团,2000人以上,测试开发,25k-50k,3-5年,本科,朝阳区,"弹性工作,500强","['3', '5']",4.0,"['25', '50']",31.25
马蜂窝,500-2000人,高级/资深测试开发工程师（大交通）,15k-30k,3-5年,本科,朝阳区,"舒适环境,轻松氛围,快速成长","['3', '5']",4.0,"['15', '30']",18.75
墨迹天气,150-500人,测试开发工程师,10k-18k,1-3年,本科,朝阳区,"拟上市,用户量极大,弹性工作,免费午餐","['1', '3']",2.0,"['10', '18']",12.0
诸葛找房网,150-500人,测试开发工程师,15k-25k,1-3年,大专,朝阳区,六险一金、一日三餐、交通补贴、住房补贴,"['1', '3']",2.0,"['15', '25']",17.5
普赛,50-150人,测试开发专家,30k-60k,3-5年,本科,海淀区,高额年终奖金、五险一金、工作环境好……,"['3', '5']",4.0,"['30', '60']",37.5
阿里文娱,2000人以上,UC事业部-高级测试开发工程师/专家,15k-30k,3-5年,本科,朝阳区,"平台宽广,团队优秀","['3', '5']",4.0,"['15', '30']",18.75
中信云网,500-2000人,测试开发岗,15k-30k,3-5年,本科,朝阳区,"中信,薪酬,发展,平台","['3', '5']",4.0,"['15', '30']",18.75
百度,2000人以上,高级测试开发工程师（移动端方向）,20k-40k,3-5年,本科,朝阳区,"一线互联网,加班少","['3', '5']",4.0,"['20', '40']",25.0
飞猪,500-2000人,飞猪(北京)高级测试开发工程师/专家,20k-40k,3-5年,本科,朝阳区,"阿里巴巴,全球游,生态","['3', '5']",4.0,"['20', '40']",25.0
网宿科技,2000人以上,测试开发工程师-北京-流媒体,10k-15k,3-5年,本科,海淀区,"上市公司,团队和谐,福利满满,技术大牛","['3', '5']",4.0,"['10', '15']",11.25
蚂蚁金服集团,2000人以上,测试开发专家-饿了么-P7,25k-50k,3-5年,本科,海淀区,"核心业务,顶尖团队,发展迅速,学习晋升快","['3', '5']",4.0,"['25', '50']",31.25
字节跳动,2000人以上,测试开发,15k-30k,1-3年,本科,海淀区,弹性工作，免费三餐，餐补，租房补贴,"['1', '3']",2.0,"['15', '30']",18.75
美团点评,2000人以上,测试开发工程师(服务端方向),20k-35k,3-5年,本科,朝阳区,"六险一金,餐补,班车,上升空间大","['3', '5']",4.0,"['20', '35']",23.75
马蜂窝,500-2000人,高级/资深测试开发工程师（大交通）,15k-30k,3-5年,本科,朝阳区,"弹性工作,股票期权,精英团队,技术驱动","['3', '5']",4.0,"['15', '30']",18.75
猫眼电影,500-2000人,测试开发工程师,15k-30k,1-3年,本科,东城区,弹性工作制,"['1', '3']",2.0,"['15', '30']",18.75
中扬天成,15-50人,测试开发工程师,10k-20k,1-3年,本科,海淀区,五险一金，年度旅游，周休二日，技术攻关,"['1', '3']",2.0,"['10', '20']",12.5
小米,2000人以上,服务端测试开发工程师,20k-40k,1-3年,本科,海淀区,"技术,平台","['1', '3']",2.0,"['20', '40']",25.0
人人车,2000人以上,测试开发,13k-26k,3-5年,本科,朝阳区,团队氛围好，技术牛,"['3', '5']",4.0,"['13', '26']",16.25
58同城推出的网贷服务平台。,2000人以上,高级测试开发工程师(J10753),20k-40k,3-5年,本科,朝阳区,平台大，大牛多，福利齐全,"['3', '5']",4.0,"['20', '40']",25.0
懒投资,150-500人,高级测试开发工程师,15k-25k,3-5年,本科,朝阳区,"七险一金,14薪,弹性工作","['3', '5']",4.0,"['15', '25']",17.5
人人行(借贷宝),2000人以上,客户端测试开发工程师,12k-24k,1-3年,本科,朝阳区,"大牛多,成长快,氛围好,发展空间大","['1', '3']",2.0,"['12', '24']",15.0
淡蓝网Blued,150-500人,测试开发工程师（电商方向）,20k-30k,3-5年,本科,朝阳区,"免费午餐,补充医疗,弹性时间,期权激励","['3', '5']",4.0,"['20', '30']",22.5
宜信,2000人以上,资深测试开发工程师,20k-30k,5-10年,本科,朝阳区,"上市公司,大牛团队,美女如云,薪酬福利好","['5', '10']",7.5,"['20', '30']",22.5
小米,2000人以上,高级测试开发工程师,15k-30k,不限,本科,海淀区,工作氛围好，发展潜力大,[],0.0,"['15', '30']",18.75
每日优鲜,500-2000人,测试开发工程师,15k-30k,3-5年,本科,朝阳区,绩效奖金 晋升空间 大平台,"['3', '5']",4.0,"['15', '30']",18.75
顺丰同城科技,500-2000人,测试开发工程师,14k-20k,应届毕业生,本科,海淀区,弹性工作制，技术大牛多，福利待遇佳,[],0.0,"['14', '20']",15.5
字节跳动,2000人以上,高级测试开发工程师,20k-40k,3-5年,本科,海淀区,六险一金，弹性工作，免费三餐，租房补贴,"['3', '5']",4.0,"['20', '40']",25.0
美团点评,2000人以上,测试开发工程师,20k-40k,3-5年,本科,朝阳区,"服务端,自动化,高级,搜索&amp;广告","['3', '5']",4.0,"['20', '40']",25.0
猫眼电影,500-2000人,移动端测试开发工程师,18k-36k,3-5年,本科,东城区,"平台好,发展快,成长好","['3', '5']",4.0,"['18', '36']",22.5
人人行(借贷宝),2000人以上,测试开发工程师,15k-30k,3-5年,本科,朝阳区,"大牛多,成长快,氛围好,发展空间大","['3', '5']",4.0,"['15', '30']",18.75
去哪儿网,2000人以上,移动端测试开发工程师—平台事业部(J13178),15k-30k,3-5年,本科,海淀区,"16薪,十天年假,六险一金","['3', '5']",4.0,"['15', '30']",18.75
融360,500-2000人,测试开发工程师,25k-50k,5-10年,本科,海淀区,待遇优厚，五险一金，商业保险，免费午餐,"['5', '10']",7.5,"['25', '50']",31.25
用友,2000人以上,自动化测试开发工程师,16k-30k,3-5年,本科,海淀区,上市企业,"['3', '5']",4.0,"['16', '30']",19.5
思必驰科技,150-500人,自动化测试开发工程师,20k-40k,不限,本科,海淀区,快速发展的人工智能公司，产品方向非常清晰,[],0.0,"['20', '40']",25.0
马蜂窝,500-2000人,无线测试开发工程师,15k-30k,3-5年,本科,朝阳区,"核心岗位,技术大牛","['3', '5']",4.0,"['15', '30']",18.75
VIPKID,2000人以上,高级/资深测试开发工程师,20k-40k,3-5年,本科,东城区,"发展空间大,福利待遇好,新兴行业,氛围好","['3', '5']",4.0,"['20', '40']",25.0
阿里文娱,2000人以上,阿里文学-测试开发专家,19k-32k,5-10年,本科,朝阳区,大平台,"['5', '10']",7.5,"['19', '32']",22.25
广州市鑫诚置业有限公司,150-500人,测试开发,25k-50k,3-5年,本科,朝阳区,大平台 高薪水 发展空间大,"['3', '5']",4.0,"['25', '50']",31.25
美菜网,2000人以上,高级测试开发工程师,18k-34k,5-10年,本科,朝阳区,晋升空间大 福利待遇优厚,"['5', '10']",7.5,"['18', '34']",22.0
盛世辉智控,15-50人,高级测试开发工程师,15k-30k,3-5年,本科,海淀区,期权、挑战、空间,"['3', '5']",4.0,"['15', '30']",18.75
VeeR,50-150人,高级测试开发工程师,15k-25k,3-5年,本科,海淀区,"大牛团队,硅谷范儿,16薪","['3', '5']",4.0,"['15', '25']",17.5
字节跳动,2000人以上,（高级）测试开发工程师 - 平台方向,15k-30k,3-5年,本科,海淀区,"六险一金,高薪期权,租房补贴,扁平管理","['3', '5']",4.0,"['15', '30']",18.75
美团点评,2000人以上,高级测试开发工程师（客户端方向）,15k-30k,3-5年,本科,朝阳区,"薪酬福利,发展空间","['3', '5']",4.0,"['15', '30']",18.75
人人行(借贷宝),2000人以上,测试开发工程师(QA),15k-30k,3-5年,本科,朝阳区,"技术氛围好,重能力培养,福利待遇好","['3', '5']",4.0,"['15', '30']",18.75
tataUFO,50-150人,高级测试开发,20k-30k,3-5年,本科,海淀区,带薪年假 旅游基金 不打卡,"['3', '5']",4.0,"['20', '30']",22.5
多＋,150-500人,测试开发工程师,13k-26k,不限,本科,朝阳区,"非996,提升空间大",[],0.0,"['13', '26']",16.25
APUS Group,150-500人,测试开发工程师,15k-30k,不限,本科,朝阳区,"六险一金,独角兽,扁平管理,带薪年假",[],0.0,"['15', '30']",18.75
艾鹏承远,少于15人,测试开发工程师,20k-40k,3-5年,本科,朝阳区,发展前景好，福利待遇高,"['3', '5']",4.0,"['20', '40']",25.0
罗辑思维,150-500人,测试开发,20k-40k,3-5年,本科,朝阳区,"六险一金,弹性工作,大咖云集,超多福利","['3', '5']",4.0,"['20', '40']",25.0
唱吧-时尚的手机KTV,150-500人,测试开发工程师（校招）,10k-15k,应届毕业生,本科,朝阳区,"七险一金,租房补贴,用餐补贴",[],0.0,"['10', '15']",11.25
微店,500-2000人,测试开发,23k-45k,3-5年,本科,朝阳区,"六险一金,全员Mac,晋升加薪","['3', '5']",4.0,"['23', '45']",28.5
京东商城,2000人以上,测试开发工程师,15k-30k,3-5年,本科,大兴区,"京东,测试,测试开发","['3', '5']",4.0,"['15', '30']",18.75
融360,500-2000人,2019校招-测试开发工程师,13k-17k,应届毕业生,本科,海淀区,"团队专业,锻炼能力,成长快",[],0.0,"['13', '17']",14.0
太平洋保险集团,2000人以上,高级/资深测试开发,30k-60k,3-5年,本科,朝阳区,"美女多,配期权,独立上市,钱多多","['3', '5']",4.0,"['30', '60']",37.5
阿里妈妈,500-2000人,移动端测试开发专家,40k-80k,5-10年,本科,朝阳区,"发展空间大,业务前景好,高薪,阿里大平台","['5', '10']",7.5,"['40', '80']",50.0
字节跳动,2000人以上,测试开发负责人,30k-50k,不限,本科,海淀区,弹性工作，免费三餐，租房补贴，休闲下午茶,[],0.0,"['30', '50']",35.0
美团点评,2000人以上,新零售-高级测试开发工程师-业务测试,25k-45k,3-5年,本科,朝阳区,"技术沉淀快,团队佳,弹性上班,双休","['3', '5']",4.0,"['25', '45']",30.0
百度,2000人以上,【百度】AI测试部_服务端测试开发工程师,19k-25k,1-3年,本科,海淀区,大平台，发展机会，自我提升,"['1', '3']",2.0,"['19', '25']",20.5
一点资讯,500-2000人,测试开发工程师-校招,15k-25k,应届毕业生,本科,朝阳区,"独角兽,国资背景,牛人团队,即将上市",[],0.0,"['15', '25']",17.5
逍遥自在游,150-500人,测试开发专家,30k-60k,3-5年,硕士,东城区,互联网巨头,"['3', '5']",4.0,"['30', '60']",37.5
VIPKID,2000人以上,服务器端高级测试开发工程师(J10332),20k-35k,3-5年,本科,东城区,发展前景好，扁平化管理,"['3', '5']",4.0,"['20', '35']",23.75
猫眼电影,500-2000人,大数据测试开发工程师,15k-30k,1-3年,本科,东城区,"发展好,成长快,福利多多","['1', '3']",2.0,"['15', '30']",18.75
众安保险,2000人以上,测试开发工程师（经纪）,10k-20k,1-3年,不限,西城区,弹性自由、待遇优厚、行业标杆、前途无量,"['1', '3']",2.0,"['10', '20']",12.5
京东商城,2000人以上,高级测试开发工程师,30k-55k,5-10年,本科,大兴区,测试开发,"['5', '10']",7.5,"['30', '55']",36.25
快手,500-2000人,短视频测试开发工程师,20k-40k,3-5年,本科,海淀区,"产品超赞,大牛团队,薪酬福利好","['3', '5']",4.0,"['20', '40']",25.0
蚂蚁金服集团,2000人以上,测试开发高级工程师/专家 P6/P7,22k-40k,3-5年,不限,海淀区,不打卡 期权奖励,"['3', '5']",4.0,"['22', '40']",26.5
车和家,2000人以上,服务端测试开发工程师,15k-25k,3-5年,本科,朝阳区,"六险一金,团队氛围好,公司发展好","['3', '5']",4.0,"['15', '25']",17.5
百融金服,500-2000人,高级后端测试开发工程师,13k-26k,3-5年,本科,海淀区,"年底双薪,绩效奖金","['3', '5']",4.0,"['13', '26']",16.25
京东集团,2000人以上,测试开发工程师（区块链技术相关业务）,15k-20k,3-5年,本科,大兴区,"需求测试,区块链,软件测试","['3', '5']",4.0,"['15', '20']",16.25
字节跳动,2000人以上,测试开发负责人,35k-70k,不限,本科,海淀区,六险一金，弹性工作，免费三餐，租房补贴，带薪休假，休闲下午茶，扁平管理，健身瑜伽，过亿用户，职业大牛，晋升空间，团队氛围好，优厚薪资,[],0.0,"['35', '70']",43.75
美团点评,2000人以上,新零售-高级测试开发工程师-客户端,25k-45k,3-5年,本科,朝阳区,"技术沉淀快,弹性上班,双休","['3', '5']",4.0,"['25', '45']",30.0
一点资讯,500-2000人,2019校招--测试开发工程师,15k-25k,应届毕业生,本科,朝阳区,弹性工作,[],0.0,"['15', '25']",17.5
百度,2000人以上,AI测试部_服务端测试开发工程师 【北京】,19k-25k,1-3年,本科,海淀区,福利待遇好，班车,"['1', '3']",2.0,"['19', '25']",20.5
京东集团,2000人以上,测试开发工程师（人工智能-语音方向）,20k-40k,3-5年,本科,朝阳区,"大平台,众多场景,成熟产品,优秀团队","['3', '5']",4.0,"['20', '40']",25.0
蚂蚁金服集团,2000人以上,蚂蚁金服财富-测试开发专家-P6/P7/P8-北京,25k-50k,3-5年,本科,朝阳区,"核心部门，顶尖团队,大牛云集,成长晋升快","['3', '5']",4.0,"['25', '50']",31.25
极智嘉,500-2000人,系统研发部-高级测试开发工程师,20k-35k,5-10年,本科,朝阳区,"团队氛围好,六险一金","['5', '10']",7.5,"['20', '35']",23.75
美菜网,2000人以上,测试开发架构师,30k-50k,5-10年,本科,朝阳区,"E轮融资,规模大,环境好,领导好","['5', '10']",7.5,"['30', '50']",35.0
融360,500-2000人,高级测试开发工程师,25k-35k,3-5年,本科,海淀区,"互联网金融,发展前景,专业团队,福利待遇","['3', '5']",4.0,"['25', '35']",27.5
转转,500-2000人,高级测试开发工程师,20k-40k,1-3年,本科,海淀区,"六险一金,牛人共事,弹性工作,成长空间大","['1', '3']",2.0,"['20', '40']",25.0
北京东源汇智咨询有限责任公司,50-150人,高级测试开发工程师,40k-70k,5-10年,本科,海淀区,15-18薪 双休 期权,"['5', '10']",7.5,"['40', '70']",47.5
魔力耳朵,150-500人,高级测试开发工程师,20k-40k,5-10年,本科,朝阳区,"六险一金,年底双薪,绩效奖金,弹性工作","['5', '10']",7.5,"['20', '40']",25.0
小赢科技,500-2000人,测试开发,16k-30k,3-5年,本科,海淀区,技术导向，福利好,"['3', '5']",4.0,"['16', '30']",19.5
车和家,2000人以上,App测试开发工程师,15k-25k,1-3年,本科,朝阳区,"扁平化管理,六险一金,团队氛围好,公司发展好","['1', '3']",2.0,"['15', '25']",17.5
和创科技（红圈营销）,500-2000人,测试开发专家/经理,20k-35k,5-10年,本科,西城区,大牛云集,"['5', '10']",7.5,"['20', '35']",23.75
字节跳动,2000人以上,测试开发工程师（服务端）,18k-27k,3-5年,本科,海淀区,弹性工作，免费三餐，租房补贴，休闲下午茶，晋升空间，团队氛围好,"['3', '5']",4.0,"['18', '27']",20.25
美团点评,2000人以上,公交业务-测试开发工程师,20k-35k,3-5年,不限,朝阳区,"核心部门,平台大,待遇优,发展空间大","['3', '5']",4.0,"['20', '35']",23.75
百度,2000人以上,【百度】AI测试部_ROM测试开发工程师,19k-25k,1-3年,不限,海淀区,大平台，发展机会，自我提升,"['1', '3']",2.0,"['19', '25']",20.5
小红书,500-2000人,服务端测试开发工程师,20k-40k,3-5年,本科,朝阳区,"团队棒,平台好,成长快,机会多","['3', '5']",4.0,"['20', '40']",25.0
everbridge,500-2000人,高级自动化测试工程师（测试开发方向）,18k-23k,3-5年,本科,东城区,"上市外企,弹性工作制,和谐团队,美国交流","['3', '5']",4.0,"['18', '23']",19.25
联想集团,2000人以上,高级测试开发工程师,20k-40k,应届毕业生,本科,朝阳区,"福利待遇好,成熟团队,非996",[],0.0,"['20', '40']",25.0
阿里文娱,2000人以上,优酷-P2P测试开发专家,16k-30k,3-5年,本科,朝阳区,大平台 学习机制,"['3', '5']",4.0,"['16', '30']",19.5
出门问问,500-2000人,Web端测试开发工程师,15k-25k,5-10年,不限,海淀区,"年底多薪,午晚餐补助,免费健身,弹性工作制","['5', '10']",7.5,"['15', '25']",17.5
逍遥自在游,150-500人,高级测试开发工程师,45k-58k,3-5年,硕士,东城区,独角兽潜质,"['3', '5']",4.0,"['45', '58']",48.25
北京正诺文化,15-50人,区块链测试开发工程师,20k-40k,3-5年,大专,朝阳区,"大牛云集,硅谷文化,五险一金，好平台","['3', '5']",4.0,"['20', '40']",25.0
蚂蚁金服集团,2000人以上,蚂蚁金服专场招聘-高级测试开发工程师／专家-北京,20k-40k,3-5年,本科,朝阳区,大平台,"['3', '5']",4.0,"['20', '40']",25.0
Zuora,500-2000人,高级测试开发工程师,25k-50k,5-10年,本科,东城区,"技术氛围好,发展空间,六险一金,公司旅游","['5', '10']",7.5,"['25', '50']",31.25
淘车二手车,2000人以上,高级测试开发工程师,20k-40k,5-10年,本科,海淀区,"带薪年假,五险一金,交通、餐补,升值空间大","['5', '10']",7.5,"['20', '40']",25.0
字节跳动,2000人以上,测试开发工程师,15k-30k,1-3年,本科,海淀区,六险一金，免费三餐，租房补贴，带薪休假，休闲下午茶，扁平管理，健身瑜伽，过亿用户,"['1', '3']",2.0,"['15', '30']",18.75
美团点评,2000人以上,高级测试开发工程师（客户端方向）,20k-35k,3-5年,本科,朝阳区,"独角兽企业,班车接送","['3', '5']",4.0,"['20', '35']",23.75
百度,2000人以上,【百度】AI测试部_驱动测试开发工程师,19k-25k,1-3年,本科,海淀区,大平台，发展机会，自我提升,"['1', '3']",2.0,"['19', '25']",20.5
阿里文娱,2000人以上,资深测试开发工程师-APP或服务端,20k-35k,3-5年,本科,海淀区,"技术驱动,团队大牛,薪酬福利,提升空间","['3', '5']",4.0,"['20', '35']",23.75
融360,500-2000人,高级测试开发工程师-大数据平台方向,20k-30k,3-5年,本科,海淀区,"互联网,发展前景,专业团队,福利待遇","['3', '5']",4.0,"['20', '30']",22.5
森众,500-2000人,高级测试开发工程师,20k-30k,3-5年,大专,海淀区,"福利好,扁平管理,nice,美女如云","['3', '5']",4.0,"['20', '30']",22.5
映客,500-2000人,测试开发工程师（音视频方向）,20k-30k,3-5年,本科,朝阳区,映客直播、福利健全、发展迅速,"['3', '5']",4.0,"['20', '30']",22.5
中国电信云计算公司,500-2000人,云平台测试开发工程师,20k-40k,3-5年,本科,海淀区,云计算,"['3', '5']",4.0,"['20', '40']",25.0
Chope,150-500人,自动化测试开发工程师,8k-16k,3-5年,本科,海淀区,"出国旅游,六险一金,年终奖,绩效","['3', '5']",4.0,"['8', '16']",10.0
小猪短租,150-500人,测试开发工程师（校招）(J10231),9k-13k,应届毕业生,本科,海淀区,"领导好,节假日福利,餐补,氛围好",[],0.0,"['9', '13']",10.0
陌陌,500-2000人,测试开发工程师（视频直播）,15k-25k,1-3年,本科,朝阳区,核心部门,"['1', '3']",2.0,"['15', '25']",17.5
出门问问,500-2000人,高级测试开发工程师-北京-00308,15k-24k,3-5年,本科,海淀区,"谷歌风格,弹性工时,免费健身,下午茶","['3', '5']",4.0,"['15', '24']",17.25
蚂蚁金服集团,2000人以上,蚂蚁金服-微贷事业群-测试开发专家-北京,28k-55k,3-5年,本科,朝阳区,"核心事业群,顶尖团队,大牛云集学习晋升快","['3', '5']",4.0,"['28', '55']",34.75
字节跳动,2000人以上,测试开发高级工程师-懂车帝,22k-40k,3-5年,本科,海淀区,弹性工作，免费三餐，租房补贴，休闲下午茶,"['3', '5']",4.0,"['22', '40']",26.5
美团点评,2000人以上,闪购事业部-测试开发专家-客户端,20k-40k,3-5年,本科,朝阳区,快速成长,"['3', '5']",4.0,"['20', '40']",25.0
百度,2000人以上,AI测试部_测试开发工程师 （NR新零售方向）,19k-25k,1-3年,本科,海淀区,福利待遇好，班车,"['1', '3']",2.0,"['19', '25']",20.5
58到家,50-150人,测试开发工程师（校招）,10k-15k,应届毕业生,本科,朝阳区,"平台强大,待遇优厚,扁平管理",[],0.0,"['10', '15']",11.25
度小满金融,500-2000人,服务端测试开发工程师,15k-30k,3-5年,本科,海淀区,"大平台,促成长,福利好,弹性工作","['3', '5']",4.0,"['15', '30']",18.75
映客,500-2000人,测试开发工程师（音视频方向）,15k-25k,3-5年,大专,朝阳区,"发展空间大,用户量大,环境好","['3', '5']",4.0,"['15', '25']",17.5
蚂蚁金服集团,2000人以上,蚂蚁金服-测试开发专家-大数据/AI-北京/杭州,30k-55k,3-5年,本科,朝阳区,"战略事业群,顶尖技术,成长空间大高手云集","['3', '5']",4.0,"['30', '55']",36.25
VIPKID,2000人以上,基础服务高级测试开发(J10394),15k-25k,3-5年,本科,朝阳区,六险一金 交通便利,"['3', '5']",4.0,"['15', '25']",17.5
小米,2000人以上,全栈测试开发工程师,25k-50k,3-5年,本科,海淀区,"大牛云集,核心部门,各种福利","['3', '5']",4.0,"['25', '50']",31.25
翼辉信息,150-500人,自动化测试开发工程师,8k-15k,不限,本科,海淀区,"弹性工作,午餐补贴,交通补贴,团队活动",[],0.0,"['8', '15']",9.75
贝壳,2000人以上,嵌入式软件测试开发工程师,25k-30k,不限,本科,海淀区,六险二金，带薪年假,[],0.0,"['25', '30']",26.25
众安保险,2000人以上,高级测试开发工程师（北京金融技术部）,15k-25k,3-5年,本科,西城区,"上市公司,扁平管理,发展空间大,待遇优厚","['3', '5']",4.0,"['15', '25']",17.5
新浪微博,2000人以上,测试开发工程师（广告方向）,24k-48k,1-3年,本科,海淀区,"前景好,氛围好","['1', '3']",2.0,"['24', '48']",30.0
字节跳动,2000人以上,测试开发高级工程师,20k-40k,3-5年,本科,海淀区,团队氛围好，包三餐下午茶,"['3', '5']",4.0,"['20', '40']",25.0
美团点评,2000人以上,高级测试开发工程师（移动端）,35k-45k,3-5年,本科,朝阳区,"高薪,期权","['3', '5']",4.0,"['35', '45']",37.5
百度,2000人以上,服务端测试开发,10k-15k,1-3年,本科,海淀区,发展空间大,"['1', '3']",2.0,"['10', '15']",11.25
蚂蚁金服集团,2000人以上,测试开发专家-P7-网商银行-北京,25k-50k,3-5年,本科,朝阳区,"精英部门,前景有期权,大牛云集,晋升快","['3', '5']",4.0,"['25', '50']",31.25
闪银奇异,500-2000人,Python测试开发,15k-25k,1-3年,本科,朝阳区,七险一金，免费自助餐，健身房，大咖云集,"['1', '3']",2.0,"['15', '25']",17.5
FreeWheel,500-2000人,测试开发Lead,20k-38k,5-10年,本科,朝阳区,"美资互联网,英文环境,硅谷文化","['5', '10']",7.5,"['20', '38']",24.5
速子科技,15-50人,区块链交易所测试开发工程师,25k-35k,3-5年,本科,朝阳区,"区块链,成长性好","['3', '5']",4.0,"['25', '35']",27.5
车和家,2000人以上,BSP测试开发工程师,20k-40k,3-5年,本科,朝阳区,六险一金；年底双薪；定期体检,"['3', '5']",4.0,"['20', '40']",25.0
腾讯,2000人以上,SA-腾讯社交广告测试开发工程师（研发中心 北京）,20k-40k,3-5年,本科,海淀区,"大空间,大平台","['3', '5']",4.0,"['20', '40']",25.0
小米,2000人以上,测试开发工程师（QA lead）,25k-35k,5-10年,本科,海淀区,华东研发总部、互联网业务、领先薪酬,"['5', '10']",7.5,"['25', '35']",27.5
百融金服,500-2000人,前端高级测试开发工程师,13k-26k,3-5年,本科,海淀区,"年底双薪,绩效奖金","['3', '5']",4.0,"['13', '26']",16.25
猎户星空,500-2000人,图像识别测试开发工程师,15k-25k,3-5年,本科,朝阳区,"高速发展,弹性工作,绩效奖金,开放透明","['3', '5']",4.0,"['15', '25']",17.5
映客,500-2000人,测试开发高级工程师（iOS方向),20k-30k,3-5年,本科,朝阳区,映客直播、福利健全、发展迅速,"['3', '5']",4.0,"['20', '30']",22.5
精英路通,150-500人,深度学习算法测试开发工程师,10k-15k,3-5年,本科,海淀区,环境好 领导好 同事好,"['3', '5']",4.0,"['10', '15']",11.25
字节跳动,2000人以上,基础设施测试开发(QA)负责人,25k-50k,3-5年,本科,海淀区,六险一金，弹性工作，免费三餐，租房补贴,"['3', '5']",4.0,"['25', '50']",31.25
美团点评,2000人以上,高级测试开发工程师（服务端方向）,20k-40k,3-5年,本科,朝阳区,"工程师文化,弹性上班,双休,技术沉淀快","['3', '5']",4.0,"['20', '40']",25.0
百度,2000人以上,移动端测试开发,20k-30k,3-5年,本科,海淀区,发展空间大,"['3', '5']",4.0,"['20', '30']",22.5
蚂蚁金服集团,2000人以上,蚂蚁金服-无线端测试开发专家-网商银行,25k-50k,3-5年,本科,朝阳区,"核心事业群业务线丰富,大牛云集晋升空间大","['3', '5']",4.0,"['25', '50']",31.25
哗啦啦,500-2000人,Java测试开发工程师,15k-30k,3-5年,本科,西城区,"五险一金,年终奖金,带薪年假,节日福利","['3', '5']",4.0,"['15', '30']",18.75
映客,500-2000人,测试开发工程师（iOS方向),15k-25k,3-5年,本科,朝阳区,"发展空间大,用户量大,环境好","['3', '5']",4.0,"['15', '25']",17.5
新浪微博,2000人以上,测试开发工程师（Python开发测试框架）,20k-30k,3-5年,本科,海淀区,"测试开发,pytho,自动化测试,框架开发","['3', '5']",4.0,"['20', '30']",22.5
腾讯,2000人以上,腾讯视频SDK测试开发工程师,15k-30k,1-3年,本科,海淀区,鹅厂大平台；福利待遇佳,"['1', '3']",2.0,"['15', '30']",18.75
易见天树,15-50人,Java 测试开发,25k-40k,1-3年,本科,海淀区,"五险一金,弹性时间,补充医疗,法定节假日","['1', '3']",2.0,"['25', '40']",28.75
美团点评,2000人以上,高级测试开发工程师（服务端方向）,20k-35k,3-5年,本科,朝阳区,"独角兽企业,班车接送","['3', '5']",4.0,"['20', '35']",23.75
字节跳动,2000人以上,基础平台测试开发工程师,20k-40k,1-3年,本科,海淀区,六险一金，弹性工作，免费三餐，租房补贴,"['1', '3']",2.0,"['20', '40']",25.0
美团点评,2000人以上,高级测试开发工程师（服务端方向）,15k-30k,3-5年,本科,朝阳区,"发展空间,薪酬待遇","['3', '5']",4.0,"['15', '30']",18.75
百度,2000人以上,【百度】AI测试部_语音客户端测试开发工程师,19k-25k,1-3年,本科,海淀区,大平台，发展机会，自我提升,"['1', '3']",2.0,"['19', '25']",20.5
美团点评,2000人以上,高级测试开发工程师（服务端方向）(外卖测试组-北京总部),10k-15k,不限,本科,朝阳区,发展平台佳；发展机会多；工作氛围轻松,[],0.0,"['10', '15']",11.25
